id,MPD,MTD,0.15,0.3,0.6,1.18,2.36,4.75,9.5,13.2,16,19,Energy1,Energy2,Energy3,Energy4,Energy5,Energy6,Energy7,Energy8,Energy9,Entropy1,Entropy2,Entropy3,Entropy4,Entropy5,Entropy6,Entropy7,Entropy8,Entropy9,BPF,EPP,FCN,DBC-FD,FD,AR,e
10101,0.86643,0.94945,0.28128,0.52503,0.17721,0.011244,0.0039763,0.0011487,0.00011045,0,0,0,2.95E+07,8.75E+07,1.20E+08,1.40E+08,1.51E+08,1.55E+08,1.15E+08,1.06E+08,1.23E+10,4.7037,5.801,5.8276,5.5843,5.455,5.4509,5.5249,5.4087,5.1388,67.389926,14.976557,6728,2.329484431,1.906527748,0.412331,1.16999304
10102,0.87535,0.91874,0.27354,0.53343,0.17665,0.01139,0.0038984,0.00098005,0.00010889,0,0,0,3.14E+07,9.20E+07,1.22E+08,1.42E+08,1.47E+08,1.34E+08,1.22E+08,8.65E+07,2.06E+10,4.9494,5.7872,5.6703,5.6073,5.5146,5.5775,5.3234,5.3399,4.902,65.549447,15.478754,6716,2.177669767,1.719135595,0.407372,1.1763835
10103,0.8784,0.97418,0.27512,0.53381,0.17565,0.010266,0.0041959,0.00091585,4.26E-05,0,0,0,3.29E+07,9.20E+07,1.25E+08,1.48E+08,1.57E+08,1.53E+08,1.27E+08,1.01E+08,2.32E+10,5.0059,5.8211,5.7842,5.7898,5.7732,5.4158,5.6985,5.6884,5.2417,65.383733,15.473435,6740,2.098116817,1.758485167,0.407554,1.18062699
10104,0.89059,0.94321,0.27444,0.53228,0.17826,0.010374,0.0037492,0.00076689,0.00012781,0,0,0,4.23E+07,1.02E+08,1.30E+08,1.45E+08,1.52E+08,1.40E+08,1.22E+08,1.07E+08,2.14E+10,5.0657,5.8253,5.9825,5.8873,5.601,5.5296,5.7958,5.5314,5.3163,63.973931,16.153543,6911,2.152029357,1.683087635,0.407036,1.17430413
10105,0.82385,0.89994,0.27621,0.53032,0.17785,0.010593,0.0039776,0.0009944,4.32E-05,2.16E-05,0,0,3.75E+07,9.44E+07,1.19E+08,1.32E+08,1.42E+08,1.27E+08,9.92E+07,8.28E+07,2.08E+10,5.0225,5.8411,5.8098,5.8248,5.7214,5.7412,5.6141,5.5309,4.7646,65.050101,16.162542,6945,2.15830925,1.687760004,0.409816,1.17223549
10106,0.87034,0.96971,0.27004,0.53678,0.17655,0.011697,0.0039133,0.00092969,4.32E-05,2.16E-05,2.16E-05,0,3.75E+07,9.25E+07,1.17E+08,1.33E+08,1.36E+08,1.32E+08,1.11E+08,9.27E+07,2.10E+10,5.0178,5.7487,5.7008,5.8436,5.5582,5.6181,5.5173,5.7715,5.3146,65.168854,15.856871,6941,2.149882011,1.672163227,0.4078,1.17173123
10107,0.98893,1.0482,0.27692,0.53199,0.17634,0.0097725,0.0037301,0.0011125,0.00013088,0,0,0,4.39E+07,1.02E+08,1.24E+08,1.37E+08,1.39E+08,1.35E+08,1.23E+08,9.94E+07,2.33E+10,5.0355,5.8133,5.847,5.6249,5.71,5.6472,5.3183,5.6067,4.8281,64.428608,16.01779,6593,2.091342402,1.748430251,0.407191,1.16392541
10108,0.93934,1.0128,0.28174,0.52763,0.17515,0.010512,0.0036696,0.001252,4.32E-05,0,0,0,4.25E+07,9.64E+07,1.15E+08,1.25E+08,1.30E+08,1.26E+08,1.06E+08,8.39E+07,2.32E+10,5.1053,5.8658,5.5502,5.7245,5.5443,5.5834,5.8134,5.178,5.1844,64.405914,16.687018,7003,2.070076314,1.705460905,0.413209,1.17208648
10109,1.0413,1.0297,0.28318,0.52563,0.17415,0.011554,0.0044919,0.0009502,4.32E-05,0,0,0,2.58E+07,7.79E+07,1.09E+08,1.30E+08,1.42E+08,1.35E+08,1.17E+08,9.40E+07,2.39E+10,4.8689,5.6913,5.8333,5.835,5.3033,5.6336,5.5013,5.6217,5.0718,66.327924,15.053115,7198,2.07339047,1.712464608,0.416602,1.15410101
10201,0.8468,0.91966,0.2742,0.53028,0.1794,0.01115,0.0039774,0.00097805,2.17E-05,0,0,0,3.53E+07,9.39E+07,1.27E+08,1.50E+08,1.62E+08,1.47E+08,1.41E+08,1.11E+08,2.21E+10,5.0571,5.7256,5.739,5.821,5.6311,5.7926,5.6132,5.4556,5.365,66.136476,15.424989,7146,2.138928331,1.667694915,0.409061,1.16386175
10202,0.87218,0.97462,0.27102,0.53647,0.17676,0.010519,0.004147,0.0010367,4.32E-05,0,0,0,3.72E+07,1.02E+08,1.37E+08,1.61E+08,1.73E+08,1.67E+08,1.29E+08,1.15E+08,2.41E+10,5.2055,5.7977,5.7939,5.7353,5.6038,5.6236,5.5943,5.4715,5.1511,65.962215,15.482869,6924,2.092299494,1.746496737,0.40597,1.15890825
10203,0.9247,0.99994,0.27586,0.53156,0.17654,0.011431,0.0035386,0.0010508,2.14E-05,0,0,0,3.19E+07,9.11E+07,1.25E+08,1.50E+08,1.62E+08,1.48E+08,1.32E+08,1.10E+08,2.26E+10,4.964,5.931,5.8127,5.8676,5.8219,5.6454,5.7241,5.312,5.0473,66.011821,15.240727,6938,2.130905258,1.645048896,0.405192,1.16713476
10204,0.99973,1.0359,0.2772,0.52762,0.17909,0.010939,0.0039777,0.00099443,0.00017679,0,0,0,3.57E+07,9.56E+07,1.30E+08,1.53E+08,1.60E+08,1.61E+08,1.35E+08,1.06E+08,2.31E+10,5.0661,5.8223,5.8592,5.8149,5.7341,5.682,5.265,5.6888,5.6772,66.514643,15.073407,6663,2.127563769,1.785668258,0.414528,1.16808105
10205,0.93875,1.0701,0.27565,0.52974,0.17868,0.010912,0.0039816,0.00096849,6.46E-05,0,0,0,3.84E+07,1.03E+08,1.38E+08,1.59E+08,1.70E+08,1.62E+08,1.34E+08,9.80E+07,2.25E+10,4.8853,5.8336,5.8195,5.7555,5.6247,5.5838,5.7787,5.6222,5.3398,65.450888,15.660004,7178,2.134408737,1.665732379,0.412594,1.16743672
10206,0.94406,1.0063,0.2777,0.53136,0.17562,0.010439,0.0039041,0.00097602,0,0,0,0,3.49E+07,9.33E+07,1.23E+08,1.43E+08,1.53E+08,1.47E+08,1.31E+08,9.89E+07,2.42E+10,5.1943,5.9367,5.8022,5.8091,5.6111,5.63,5.3509,5.6414,5.23,64.952771,15.582915,6985,2.083370187,1.72636552,0.410262,1.1701504
10207,0.94165,1.0955,0.28398,0.52579,0.17475,0.010689,0.0035703,0.001139,8.76E-05,0,0,0,3.54E+07,9.23E+07,1.20E+08,1.41E+08,1.54E+08,1.51E+08,1.32E+08,9.59E+07,2.46E+10,5.0726,5.7917,5.8688,5.9043,5.8049,5.6855,5.585,5.7948,5.5263,66.984804,15.270508,6958,2.088374346,1.726066428,0.421944,1.1630621
10208,0.93997,1.0215,0.2777,0.5327,0.17364,0.011123,0.0038294,0.00088206,0.00012908,0,0,0,3.40E+07,8.80E+07,1.15E+08,1.32E+08,1.41E+08,1.29E+08,1.08E+08,8.43E+07,2.35E+10,4.9859,5.9181,5.6882,5.7765,5.4562,5.6216,5.6078,5.3376,5.1822,65.966609,15.640126,7036,2.090371011,1.740017129,0.41457,1.16155171
10209,0.91859,0.98243,0.28203,0.52809,0.17381,0.011394,0.0035192,0.0010729,8.58E-05,0,0,0,3.47E+07,8.95E+07,1.14E+08,1.27E+08,1.35E+08,1.21E+08,1.06E+08,1.01E+08,2.55E+10,4.8365,5.7211,5.7053,5.8151,5.6782,5.6336,5.5269,5.5879,5.3054,64.895262,15.988317,7177,2.030371911,1.642676286,0.418103,1.16790307
10301,0.89563,0.89717,0.26863,0.53518,0.17983,0.011318,0.0037653,0.001167,0.0001101,0,0,0,2.36E+07,7.30E+07,1.01E+08,1.23E+08,1.33E+08,1.26E+08,1.20E+08,9.95E+07,2.09E+10,4.7123,5.7069,5.7822,5.7984,5.6657,5.7247,5.6093,5.5757,5.0965,67.009403,14.933066,6412,2.161408652,1.697831822,0.410202,1.16578138
10302,0.86236,0.86791,0.27483,0.53129,0.17783,0.010656,0.004422,0.00090597,6.47E-05,0,0,0,3.40E+07,8.85E+07,1.15E+08,1.32E+08,1.40E+08,1.40E+08,1.15E+08,8.85E+07,2.14E+10,5.1224,5.7527,5.7635,5.7904,5.7762,5.5001,5.6895,5.6377,4.7676,65.401478,15.814753,6880,2.137631476,1.651526672,0.406865,1.17431474
10303,0.82193,0.87558,0.27619,0.53437,0.17409,0.010386,0.0038735,0.0010216,4.26E-05,2.13E-05,0,0,2.66E+07,8.02E+07,1.10E+08,1.32E+08,1.46E+08,1.35E+08,1.18E+08,9.09E+07,2.32E+10,4.7829,5.6656,5.8433,5.7294,5.5065,5.3285,5.2867,5.6769,5.0698,66.354254,15.172765,6917,2.099449947,1.762639517,0.405529,1.16783547
10304,0.85506,0.92189,0.2742,0.53303,0.17695,0.010704,0.0039458,0.0011118,6.54E-05,0,0,0,3.48E+07,8.95E+07,1.18E+08,1.34E+08,1.47E+08,1.37E+08,1.13E+08,9.03E+07,2.28E+10,5.1059,5.8339,5.7944,5.8693,5.7275,5.4853,5.7036,5.4893,5.2928,66.010624,15.685634,7213,2.111125313,1.774095844,0.408541,1.16641653
10305,0.84113,0.90206,0.27143,0.53285,0.18061,0.010426,0.0036113,0.00098882,6.45E-05,2.15E-05,0,0,3.53E+07,8.92E+07,1.17E+08,1.37E+08,1.50E+08,1.40E+08,1.19E+08,8.24E+07,2.34E+10,4.9111,5.8555,5.8557,5.8471,5.7121,5.6909,5.5223,5.4546,5.016,66.217215,15.481968,6898,2.089689187,1.745332434,0.405482,1.16765594
10306,0.85963,0.93609,0.27053,0.53738,0.17621,0.010947,0.003721,0.0011899,2.16E-05,0,0,0,3.74E+07,9.28E+07,1.20E+08,1.39E+08,1.46E+08,1.41E+08,1.20E+08,9.38E+07,2.51E+10,5.0833,5.8115,5.7957,5.7625,5.6504,5.6719,5.4122,5.3022,5.0563,65.888631,15.678286,7035,2.039506004,1.666566919,0.408136,1.15565288
10307,1.0183,1.0648,0.27552,0.52983,0.17929,0.010572,0.0036828,0.0010399,6.50E-05,0,0,0,4.06E+07,9.35E+07,1.19E+08,1.38E+08,1.44E+08,1.47E+08,1.32E+08,9.86E+07,2.33E+10,4.9842,5.7517,5.6477,5.7292,5.7454,5.5211,5.5908,5.7435,5.0409,64.857075,15.511574,6713,2.10454407,1.763285118,0.408321,1.1690706
10308,0.91365,1.0664,0.28041,0.52834,0.17444,0.011041,0.0045986,0.001128,4.34E-05,0,0,0,4.19E+07,9.84E+07,1.25E+08,1.44E+08,1.52E+08,1.45E+08,1.20E+08,9.03E+07,2.60E+10,5.0477,5.816,5.7937,5.5861,5.7568,5.5537,5.5583,5.4537,4.9147,65.3035,15.480044,6821,2.045627777,1.67026496,0.408531,1.16160727
10309,1.0075,1.099,0.26836,0.53785,0.17953,0.0096416,0.0034233,0.0010617,0.00010833,2.17E-05,0,0,3.76E+07,9.40E+07,1.21E+08,1.39E+08,1.44E+08,1.41E+08,1.29E+08,1.07E+08,2.34E+10,5.1422,5.7473,5.8209,5.8354,5.7922,5.4616,5.4711,5.4082,5.051,64.433643,15.721936,6636,2.091266685,1.749890569,0.406769,1.17157876
10401,0.86028,0.89943,0.27269,0.53877,0.17307,0.01091,0.0034307,0.0010228,0.00010654,0,0,0,1.73E+07,7.47E+07,1.09E+08,1.30E+08,1.37E+08,1.34E+08,1.05E+08,8.12E+07,1.81E+10,4.8732,5.8113,5.5766,5.6435,5.3696,5.6099,5.4802,5.5866,5.0945,65.986851,15.454514,7091,2.245047765,1.831354319,0.410012,1.16860855
10402,0.78031,0.80489,0.28034,0.53069,0.1731,0.011434,0.0034662,0.00090882,6.34E-05,0,0,0,2.03E+07,7.47E+07,1.03E+08,1.14E+08,1.17E+08,1.05E+08,8.36E+07,7.76E+07,2.02E+10,4.9871,5.8963,5.9364,5.6352,5.7398,5.757,5.7034,5.7033,5.4211,65.304083,16.158055,7389,2.171429764,1.718974184,0.405851,1.17216933
10403,0.77675,0.86346,0.27868,0.53389,0.17168,0.010618,0.004175,0.00084771,0.00010596,0,0,0,2.21E+07,7.84E+07,1.06E+08,1.19E+08,1.23E+08,1.23E+08,9.94E+07,8.59E+07,2.03E+10,5.056,5.7486,5.6246,5.787,5.5919,5.4398,5.1865,5.4199,5.1743,65.080772,16.202885,7155,2.176194316,1.70699748,0.410695,1.17378378
10404,0.86974,0.93015,0.27393,0.53435,0.17658,0.010523,0.0035437,0.00097236,8.64E-05,2.16E-05,0,0,2.01E+07,7.67E+07,1.07E+08,1.25E+08,1.31E+08,1.25E+08,1.15E+08,7.59E+07,1.99E+10,4.7995,5.7013,5.8108,5.6549,5.7124,5.7518,5.6863,5.3426,5.7391,66.428094,15.349681,6837,2.191838831,1.746222242,0.405657,1.16550529
10405,0.82656,0.91144,0.27745,0.53445,0.17139,0.011637,0.0041714,0.00081289,6.42E-05,2.14E-05,0,0,2.01E+07,7.59E+07,1.07E+08,1.22E+08,1.24E+08,1.07E+08,1.03E+08,7.84E+07,2.04E+10,5.037,5.8304,5.8852,5.6484,5.7262,5.839,5.7361,5.5299,5.3868,65.511875,15.750242,7067,2.172751475,1.71105168,0.409019,1.17420697
10406,0.91817,0.97668,0.27918,0.53174,0.17362,0.010257,0.0040135,0.0011467,4.25E-05,0,0,0,2.16E+07,7.82E+07,1.07E+08,1.21E+08,1.25E+08,1.17E+08,9.40E+07,7.35E+07,2.05E+10,4.9696,5.8146,5.7627,5.7613,5.6633,5.7407,5.6602,5.5511,5.1788,64.091486,16.044266,7208,2.160989947,1.697652364,0.412274,1.17906618
10407,1.0407,1.1093,0.27727,0.53094,0.17621,0.010624,0.0040879,0.00078777,6.39E-05,2.13E-05,0,0,2.28E+07,8.59E+07,1.23E+08,1.43E+08,1.50E+08,1.40E+08,1.20E+08,1.09E+08,2.06E+10,4.8677,5.7158,5.7955,5.6651,5.6804,5.4202,5.7416,5.6027,5.4944,65.354228,15.127138,7048,2.186561743,1.739175796,0.409838,1.17743754
10408,1.0095,0.95389,0.27806,0.53698,0.16961,0.010789,0.0037709,0.00071228,8.38E-05,0,0,0,2.29E+07,8.16E+07,1.16E+08,1.33E+08,1.41E+08,1.22E+08,1.01E+08,8.92E+07,2.06E+10,5.1069,5.735,5.8369,5.768,5.7018,5.5938,5.5595,5.6322,5.144,64.558657,15.822184,7240,2.173343822,1.727804763,0.41005,1.1689595
10409,0.88344,0.98893,0.28026,0.53497,0.16916,0.010794,0.0038489,0.00089947,6.28E-05,0,0,0,2.18E+07,8.34E+07,1.17E+08,1.33E+08,1.37E+08,1.28E+08,1.12E+08,9.24E+07,2.03E+10,4.8511,5.8067,5.8028,5.6965,5.7514,5.6217,5.4854,5.4848,5.2793,64.783472,16.092712,7654,2.184125961,1.732778508,0.410082,1.1804328
20101,0.91566775,0.89200125,0.26945,0.53308,0.18086,0.011551,0.0037911,0.001175,6.65E-05,2.22E-05,0,0,1.69E+07,6.18E+07,1.08E+08,1.56E+08,1.78E+08,1.80E+08,1.56E+08,1.27E+08,1.41E+10,4.3226,5.5,5.8498,5.7201,5.5249,5.6106,5.3795,5.5441,5.2231,71.35698,12.091137,6666,2.311703282,1.893013704,0.406548,1.15834951
20102,0.931529083,0.980871583,0.27766,0.52503,0.18039,0.012015,0.0036732,0.0011285,0.00011064,0,0,0,2.17E+07,8.30E+07,1.33E+08,1.73E+08,1.89E+08,1.89E+08,1.59E+08,1.42E+08,2.11E+10,4.8289,5.846,5.8237,5.7044,5.3563,5.4512,5.5782,5.4356,5.3863,69.218984,13.200569,6464,2.195161788,1.719587963,0.401953,1.16172075
20103,0.93071875,0.972547917,0.27198,0.52807,0.18281,0.011993,0.0042131,0.00075791,0.00013375,4.46E-05,0,0,2.04E+07,7.73E+07,1.24E+08,1.64E+08,1.85E+08,1.81E+08,1.53E+08,1.53E+08,2.18E+10,4.7555,5.8091,5.8031,5.5603,5.6711,5.4037,5.615,5.4616,5.1263,69.953037,13.046504,6465,2.177750849,1.707154523,0.402058,1.16160083
20104,0.863598833,0.94550575,0.26786,0.53439,0.18204,0.011217,0.0033453,0.0010276,8.75E-05,2.19E-05,0,0,2.81E+07,9.16E+07,1.32E+08,1.58E+08,1.71E+08,1.60E+08,1.41E+08,1.12E+08,2.09E+10,5.0004,5.6228,5.7965,5.8014,5.5478,5.6358,5.6684,5.4699,5.0927,66.710028,14.423356,6860,2.182200928,1.737203681,0.405589,1.16782606
20105,0.90078725,1.011144583,0.275,0.52557,0.18357,0.011437,0.0033496,0.0009035,0.00015426,0,2.20E-05,0,2.80E+07,9.36E+07,1.38E+08,1.73E+08,1.93E+08,1.84E+08,1.49E+08,1.31E+08,2.20E+10,4.9427,5.7912,5.8753,5.8128,5.5866,5.7165,5.6487,5.2909,5.3737,68.345375,13.920967,6431,2.175259871,1.719753848,0.40568,1.1741606
20106,0.884236667,0.95419575,0.27394,0.53273,0.17689,0.011486,0.0037352,0.0011875,2.16E-05,0,0,0,2.94E+07,9.46E+07,1.35E+08,1.62E+08,1.74E+08,1.69E+08,1.47E+08,1.10E+08,1.99E+10,5.1412,5.9197,5.6811,5.6587,5.6676,5.691,5.5857,5.5446,5.3857,66.560332,14.939634,7018,2.207743975,1.75137846,0.405715,1.16941786
20107,0.978132083,0.9884071,0.27824,0.53274,0.17478,0.0099463,0.0031015,0.0011337,4.28E-05,2.14E-05,0,0,3.68E+07,1.02E+08,1.35E+08,1.59E+08,1.70E+08,1.63E+08,1.52E+08,1.12E+08,2.08E+10,4.8796,5.7598,5.7047,5.6705,5.6907,5.5021,5.6446,5.5106,5.2901,66.035833,15.041344,7256,2.181193794,1.723399839,0.409567,1.17836237
20108,0.905731833,0.97964285,0.27404,0.53479,0.17581,0.010917,0.0032362,0.0011219,6.47E-05,2.16E-05,0,0,3.66E+07,1.02E+08,1.36E+08,1.59E+08,1.70E+08,1.62E+08,1.52E+08,1.12E+08,2.08E+10,5.0504,5.8149,5.7253,5.7538,5.7905,5.5489,5.5984,5.5471,5.5993,66.080605,15.071553,7353,2.185537576,1.733506031,0.410436,1.17726398
20109,0.951439167,0.958837267,0.27461,0.52964,0.1801,0.010523,0.003938,0.0010939,6.56E-05,0,2.19E-05,0,2.77E+07,8.82E+07,1.28E+08,1.59E+08,1.81E+08,1.78E+08,1.44E+08,1.34E+08,2.26E+10,4.8139,5.6973,5.865,5.8051,5.7477,5.7481,5.5751,5.3195,5.0639,67.914351,14.166292,6913,2.151163711,1.674853173,0.405734,1.16302013
20201,0.93403225,0.883959667,0.27237,0.53298,0.17879,0.010868,0.003922,0.00094216,0.00010955,2.19E-05,0,0,1.66E+07,7.19E+07,1.15E+08,1.54E+08,1.67E+08,1.60E+08,1.35E+08,1.29E+08,1.68E+10,4.7811,5.6897,5.7893,5.7277,5.7213,5.516,5.5822,5.5338,5.0794,68.435653,13.586056,6813,2.271955812,1.860472434,0.407142,1.16610169
20202,0.86569675,0.872953417,0.27445,0.52915,0.18054,0.011105,0.0037527,0.00091635,6.55E-05,2.18E-05,0,0,1.84E+07,7.34E+07,1.16E+08,1.46E+08,1.61E+08,1.50E+08,1.46E+08,1.11E+08,1.82E+10,4.7893,5.8389,5.7498,5.7288,5.5766,5.6763,5.5512,5.6239,5.2065,67.986618,13.536551,6346,2.249374994,1.817190099,0.405071,1.1658504
20203,0.923522167,0.934852,0.27093,0.53072,0.18311,0.01054,0.0036305,0.00096814,6.60E-05,4.40E-05,0,0,2.36E+07,8.40E+07,1.25E+08,1.54E+08,1.67E+08,1.63E+08,1.43E+08,1.29E+08,2.07E+10,4.8402,5.6967,5.8846,5.7754,5.6761,5.6595,5.4842,5.7374,5.1873,67.863811,13.980747,6597,2.19815218,1.755408401,0.404514,1.16953695
20204,0.983218667,0.94671015,0.27641,0.53056,0.17774,0.010229,0.0038546,0.0011844,2.15E-05,0,0,0,2.22E+07,8.30E+07,1.27E+08,1.62E+08,1.80E+08,1.85E+08,1.52E+08,1.31E+08,1.99E+10,4.8405,5.8121,5.8935,5.8922,5.748,5.6124,5.6528,5.5873,5.1905,68.507246,13.856594,6776,2.214751967,1.774465498,0.400498,1.16499496
20205,0.966408417,0.92467615,0.26907,0.53243,0.18386,0.0099754,0.0035736,0.00094273,0.00015347,0,0,0,2.28E+07,8.64E+07,1.30E+08,1.57E+08,1.73E+08,1.71E+08,1.49E+08,1.19E+08,1.99E+10,5.0286,5.8079,5.9117,5.6804,5.7482,5.4376,5.5618,5.5682,5.2697,68.003961,14.028087,6688,2.215356623,1.780419913,0.407656,1.16443336
20206,0.88889575,0.94230315,0.2745,0.53063,0.17863,0.011306,0.0038271,0.00091849,0.00019682,0,0,0,2.83E+07,9.27E+07,1.30E+08,1.61E+08,1.68E+08,1.64E+08,1.43E+08,1.09E+08,2.00E+10,4.9701,5.8908,5.9277,5.7982,5.7302,5.6594,5.6275,5.5406,4.8527,67.096228,14.731324,6979,2.211019834,1.766431998,0.403915,1.16969359
20207,0.930354833,0.97981075,0.26853,0.53427,0.18215,0.010521,0.0035142,0.00083463,0.00015375,0,0,2.20E-05,2.93E+07,8.96E+07,1.24E+08,1.45E+08,1.56E+08,1.49E+08,1.28E+08,1.20E+08,2.27E+10,4.9101,5.8363,5.8426,5.7706,5.8858,5.6013,5.5807,5.6151,5.2005,66.816266,14.767916,6932,2.12390042,1.800181193,0.403694,1.17302668
20208,0.912513417,0.9214734,0.26842,0.53657,0.17995,0.010612,0.0033041,0.00098466,0.00013129,2.19E-05,0,0,2.60E+07,8.63E+07,1.20E+08,1.44E+08,1.55E+08,1.49E+08,1.42E+08,1.09E+08,1.92E+10,4.9432,5.598,5.7626,5.8525,5.633,5.6811,5.3623,5.4978,5.2344,66.447669,14.652405,6811,2.215769645,1.783249592,0.406806,1.16960049
20209,0.92162525,0.91459315,0.27814,0.52646,0.17927,0.011367,0.003723,0.00085914,0.00017623,0,0,0,2.42E+07,8.22E+07,1.18E+08,1.41E+08,1.54E+08,1.49E+08,1.52E+08,1.16E+08,2.03E+10,4.6598,5.6767,5.7446,5.7114,5.8038,5.5884,5.3946,5.7259,5.4619,68.022303,14.343063,6807,2.207797289,1.763844113,0.407148,1.16797173
20301,0.926991833,0.9478255,0.27953,0.52917,0.17488,0.011254,0.0040162,0.0010372,0.00011034,0,0,0,1.36E+07,7.41E+07,1.24E+08,1.58E+08,1.75E+08,1.68E+08,1.57E+08,1.31E+08,1.62E+10,4.589,5.5534,5.6479,5.6465,5.7028,5.6983,5.6617,5.627,5.3943,69.692694,13.294247,6605,2.281274762,1.848707588,0.405996,1.16604018
20302,0.89207975,0.879157667,0.26886,0.53345,0.18158,0.011283,0.0036503,0.0010177,0.00013274,2.21E-05,0,0,1.14E+07,6.62E+07,1.14E+08,1.46E+08,1.66E+08,1.55E+08,1.46E+08,1.06E+08,1.64E+10,4.8089,5.627,5.8709,5.7208,5.695,5.7407,5.4549,5.4494,5.4888,69.338934,13.01732,6399,2.28032223,1.854718222,0.406813,1.15792096
20303,1.001029167,0.92618325,0.27265,0.53354,0.1795,0.0098238,0.0033177,0.0010772,6.46E-05,2.15E-05,0,0,1.63E+07,8.40E+07,1.37E+08,1.68E+08,1.79E+08,1.68E+08,1.44E+08,1.20E+08,1.83E+10,4.8149,5.603,5.6996,5.6322,5.6335,5.5459,5.5447,5.5173,5.2511,68.189449,13.793398,6743,2.250411915,1.836532156,0.403839,1.16383982
20304,0.889517333,0.91936315,0.2749,0.52923,0.17968,0.011466,0.003579,0.00092789,0.00022093,0,0,0,1.49E+07,7.52E+07,1.23E+08,1.51E+08,1.68E+08,1.59E+08,1.46E+08,1.09E+08,1.56E+10,4.683,5.7656,5.5979,5.8018,5.5706,5.4008,5.4867,5.447,5.1557,68.436412,13.708786,6709,2.289430771,1.866214016,0.407381,1.16356313
20305,0.9043695,0.90975365,0.26868,0.5339,0.1814,0.0116,0.003216,0.0010646,0.0001109,2.22E-05,0,0,1.66E+07,7.74E+07,1.19E+08,1.47E+08,1.64E+08,1.54E+08,1.41E+08,1.17E+08,1.59E+10,4.8105,5.6896,5.8098,5.7336,5.6037,5.6937,5.6417,5.5398,5.4143,68.103727,13.606539,6606,2.282080286,1.868180239,0.406114,1.15926385
20306,0.900714167,0.9154954,0.26815,0.53368,0.18294,0.010396,0.0037843,0.00089043,8.90E-05,6.68E-05,0,0,1.82E+07,8.15E+07,1.28E+08,1.56E+08,1.69E+08,1.65E+08,1.35E+08,1.07E+08,1.78E+10,4.861,5.6742,5.8696,5.7766,5.6804,5.6487,5.1023,5.3683,4.9281,68.300194,13.704251,6433,2.253204532,1.844371379,0.405661,1.16197252
20307,0.887632625,0.921252875,0.27595,0.5285,0.17918,0.011008,0.004276,0.0010087,8.77E-05,0,0,0,2.20E+07,8.87E+07,1.28E+08,1.52E+08,1.65E+08,1.64E+08,1.30E+08,1.13E+08,1.77E+10,4.9773,5.739,5.6493,5.7987,5.4854,5.5538,5.6665,5.5426,5.263,67.862149,14.611444,6690,2.262429697,1.830862957,0.409024,1.16957402
20308,0.972879,0.875249167,0.27237,0.53773,0.17478,0.010226,0.0037005,0.0011167,6.57E-05,2.19E-05,0,0,1.37E+07,7.04E+07,1.12E+08,1.34E+08,1.48E+08,1.45E+08,1.33E+08,1.18E+08,1.61E+10,4.778,5.8016,5.822,5.7931,5.6981,5.6599,5.4011,5.2971,5.0805,68.858004,13.767748,6542,2.284781086,1.867658453,0.408687,1.16353822
20309,0.962327417,0.92036715,0.27076,0.52807,0.18605,0.010392,0.0034941,0.00096934,0.00022543,4.51E-05,0,0,1.99E+07,8.30E+07,1.22E+08,1.44E+08,1.65E+08,1.58E+08,1.34E+08,1.53E+08,1.78E+10,4.7851,5.6856,5.5552,5.6518,5.522,5.6244,5.5716,5.341,5.226,67.829049,13.907859,6439,2.252068768,1.83152311,0.409989,1.16450536
20401,0.959061667,0.893842917,0.2597,0.53669,0.18964,0.0096079,0.0032026,0.00095634,0.00015568,4.45E-05,0,0,2.22E+07,7.55E+07,1.12E+08,1.39E+08,1.55E+08,1.45E+08,1.35E+08,1.13E+08,2.15E+10,4.7763,5.8869,5.8967,5.8352,5.6777,5.7123,5.5668,5.4432,5.5656,68.614815,13.45904,6307,2.173226926,1.726426032,0.405838,1.1617291
20402,0.957252917,0.94570225,0.27018,0.53245,0.18218,0.010265,0.0038683,0.0009941,6.48E-05,0,0,0,2.78E+07,8.58E+07,1.22E+08,1.49E+08,1.66E+08,1.52E+08,1.35E+08,1.08E+08,2.39E+10,5.073,5.8266,6.0062,5.8125,5.4764,5.7387,5.4223,5.519,5.1658,67.44227,14.30108,6963,2.087713577,1.762362166,0.403472,1.16950488
20403,0.88272175,0.9441696,0.27128,0.53187,0.18138,0.010951,0.0034865,0.00098392,4.28E-05,0,0,0,2.83E+07,8.56E+07,1.22E+08,1.50E+08,1.59E+08,1.43E+08,1.27E+08,1.14E+08,2.42E+10,5.0134,5.8088,5.9512,5.7426,5.7669,5.7283,5.6072,5.4954,5.0825,66.78345,14.62306,7004,2.068895345,1.731905601,0.400783,1.16193581
20404,0.979977167,0.930062,0.26893,0.53626,0.17992,0.010144,0.0037473,0.0009476,6.46E-05,0,0,0,2.60E+07,8.55E+07,1.22E+08,1.44E+08,1.56E+08,1.44E+08,1.28E+08,1.08E+08,2.26E+10,4.9102,5.6346,5.9244,5.898,5.7164,5.6669,5.5765,5.3532,5.1745,66.897484,14.661966,6869,2.123998146,1.656731897,0.407035,1.16953385
20405,0.979126667,0.94806875,0.26883,0.53263,0.18363,0.010054,0.0036856,0.0010904,6.54E-05,2.18E-05,0,0,2.72E+07,8.64E+07,1.19E+08,1.49E+08,1.61E+08,1.50E+08,1.43E+08,1.26E+08,2.41E+10,5.0073,5.7162,5.7956,5.4544,5.6354,5.6159,5.5605,5.3692,5.1937,67.55878,14.269317,6404,2.09628894,1.761541192,0.40164,1.1650033
20406,0.885388,0.891380292,0.26734,0.53996,0.17698,0.011024,0.0035956,0.0010335,6.46E-05,0,0,0,2.30E+07,8.10E+07,1.16E+08,1.40E+08,1.50E+08,1.42E+08,1.20E+08,9.82E+07,2.17E+10,4.9536,5.9217,5.815,5.781,5.7352,5.7127,5.4424,5.5003,5.0713,66.892747,14.567091,6689,2.144367191,1.686711209,0.404936,1.17053592
20407,0.87759025,0.828857875,0.27786,0.5255,0.18064,0.011034,0.0039236,0.00095381,8.67E-05,0,0,0,2.14E+07,7.43E+07,1.06E+08,1.29E+08,1.38E+08,1.31E+08,1.17E+08,9.79E+07,1.97E+10,4.9969,5.7128,5.7818,5.822,5.678,5.4667,5.6375,5.5519,5.0746,67.640107,14.69069,6689,2.207206082,1.761461072,0.404042,1.16875064
20408,0.858552,0.841381,0.27659,0.52927,0.17803,0.011154,0.0038844,0.00097652,8.68E-05,0,0,0,2.00E+07,7.00E+07,9.96E+07,1.22E+08,1.28E+08,1.20E+08,1.12E+08,8.59E+07,1.97E+10,4.7987,5.7644,5.8401,5.8362,5.6386,5.6007,5.3451,5.7563,5.4647,67.336692,14.69038,6825,2.201233976,1.754572665,0.40849,1.17416668
20409,0.881332,0.857955433,0.27443,0.5328,0.17672,0.010962,0.0038996,0.0011482,2.17E-05,2.17E-05,0,0,2.62E+07,8.25E+07,1.12E+08,1.32E+08,1.41E+08,1.32E+08,1.11E+08,1.07E+08,2.16E+10,5.0274,5.7774,5.7172,5.714,5.698,5.6553,5.1623,5.327,4.9991,67.0786,15.263238,7087,2.145392663,1.68639086,0.403949,1.17169952
30101,0.953544083,0.849446,0.29581,0.51811,0.17026,0.01036,0.0036097,0.0016642,9.38E-05,7.03E-05,2.34E-05,0,1.10E+07,4.97E+07,8.29E+07,1.07E+08,1.17E+08,1.13E+08,9.51E+07,8.14E+07,6.46E+09,4.2189,5.2738,5.3147,5.3711,5.4005,5.5777,5.6069,5.4828,5.0234,73.528366,13.344054,6226,2.314591291,1.841703197,0.397053,1.16892016
30102,0.97107775,0.93880925,0.29604,0.51346,0.17512,0.0098154,0.0037733,0.0015284,0.00021494,2.39E-05,0,2.39E-05,1.04E+07,4.98E+07,8.62E+07,1.16E+08,1.35E+08,1.33E+08,1.22E+08,8.73E+07,9.89E+09,4.6578,5.4735,5.5361,5.4999,5.3447,5.3296,5.5093,5.4222,4.6539,72.526964,12.995746,5899,2.311591874,1.83381907,0.397098,1.162117
30103,0.931442625,0.90859675,0.29443,0.5203,0.16876,0.011123,0.0036703,0.0015987,0.00011258,0,0,0,1.67E+07,6.57E+07,1.06E+08,1.38E+08,1.57E+08,1.49E+08,1.24E+08,1.09E+08,1.23E+10,4.5801,5.4698,5.43,5.5558,5.385,5.3981,5.1772,5.0795,4.8708,69.917476,14.293448,6533,2.320766711,1.872724414,0.398039,1.15556359
30104,0.964393667,0.91954075,0.29449,0.51616,0.17283,0.010783,0.0040379,0.001583,9.18E-05,0,2.29E-05,0,1.17E+07,5.40E+07,9.60E+07,1.39E+08,1.60E+08,1.57E+08,1.21E+08,8.94E+07,1.38E+10,4.5884,5.4839,5.5378,5.388,5.3654,5.3505,5.5762,5.3989,4.9314,71.672938,12.895496,6208,2.305103131,1.840211855,0.402266,1.15995622
30105,0.9486195,1.0014695,0.30316,0.5198,0.15972,0.011305,0.0043703,0.0015162,0.00013379,0,0,0,2.06E+07,7.76E+07,1.24E+08,1.65E+08,1.88E+08,1.85E+08,1.54E+08,1.10E+08,1.45E+10,4.8778,5.7455,5.6857,5.6087,5.612,5.5263,5.4177,5.2174,5.2153,69.969942,14.670649,6718,2.299400629,1.856397855,0.400611,1.16845727
30106,0.926368917,0.97704925,0.29941,0.52435,0.15912,0.011075,0.0045219,0.0015073,2.18E-05,0,0,0,2.20E+07,8.08E+07,1.26E+08,1.64E+08,1.89E+08,1.69E+08,1.29E+08,1.02E+08,1.40E+10,4.8331,5.6449,5.6486,5.7068,5.3801,5.3045,5.71,5.4509,5.4153,69.296562,15.601442,6940,2.310325913,1.88279003,0.399964,1.15257442
30107,1.5870475,1.4689475,0.28366,0.50993,0.18891,0.011704,0.0036452,0.0018846,0.00024797,2.48E-05,0,0,1.21E+07,5.38E+07,9.49E+07,1.38E+08,1.75E+08,2.02E+08,1.91E+08,1.38E+08,1.23E+10,4.5551,5.4477,5.5744,5.6306,5.5044,5.5104,5.1761,5.2079,5.0017,77.56862,11.297636,5498,2.318061603,1.817010721,0.400904,1.15842867
30108,1.553145,1.4603425,0.29253,0.50981,0.18144,0.010724,0.003181,0.0020484,0.00026509,0,0,0,1.78E+07,6.86E+07,1.09E+08,1.46E+08,1.88E+08,1.99E+08,1.71E+08,1.25E+08,1.11E+10,4.7271,5.6077,5.3932,5.3961,5.0979,5.5262,5.421,5.4589,4.8043,75.853803,12.441844,5732,2.321277067,1.826244908,0.399774,1.17692649
30109,1.037206,1.05752525,0.29621,0.51227,0.17478,0.010758,0.0037147,0.0020503,0.00021709,0,0,0,2.21E+07,7.80E+07,1.23E+08,1.66E+08,2.12E+08,2.13E+08,2.01E+08,1.42E+08,1.33E+10,4.9696,5.6484,5.7759,5.547,5.5624,5.5467,5.3204,5.3131,4.7907,74.880998,13.113794,5837,2.304236667,1.813310029,0.400618,1.158252
30201,1.349755,1.3941475,0.29348,0.49789,0.18879,0.013013,0.0042131,0.0022132,0.00029332,5.33E-05,5.33E-05,0,9.55E+05,9.27E+06,2.43E+07,4.22E+07,6.18E+07,7.63E+07,8.23E+07,6.26E+07,6.66E+09,3.0435,4.9808,4.8499,4.871,4.8984,5.1417,5.1509,5.2326,4.539,80.948533,7.817442,4599,2.295893805,1.734206208,0.407019,1.15018773
30202,1.3138375,1.3608325,0.28979,0.49526,0.19665,0.011928,0.0037103,0.0021437,0.00038477,5.50E-05,8.25E-05,0,1.24E+06,1.09E+07,2.59E+07,4.17E+07,5.87E+07,7.60E+07,7.79E+07,5.86E+07,5.05E+09,3.5285,4.7397,5.0741,5.1121,5.2693,5.3763,5.3444,5.3209,5.0716,81.436264,7.786287,4373,2.290049295,1.703879698,0.403429,1.13986206
30203,1.337435,1.377465,0.29633,0.49358,0.19068,0.012848,0.0038892,0.0021994,0.00037551,8.05E-05,2.68E-05,0,1.32E+06,1.07E+07,2.52E+07,4.14E+07,5.97E+07,8.39E+07,7.57E+07,6.09E+07,5.30E+09,3.4455,4.8682,5.1699,5.1621,5.022,5.3574,5.1774,5.0957,4.1324,81.923434,8.09924,4571,2.297771256,1.724244344,0.402322,1.14531231
30204,1.326405,1.371885,0.29487,0.49828,0.18805,0.01216,0.0040444,0.0021676,0.00029077,0.00013217,0,0,1.70E+06,1.32E+07,2.93E+07,4.32E+07,5.78E+07,7.07E+07,6.55E+07,4.67E+07,5.08E+09,3.5929,4.938,5.2756,5.2816,5.3132,5.2913,5.4258,5.2004,4.5207,80.116759,9.03729,5278,2.295964115,1.741795765,0.407257,1.15209424
30205,1.4987475,1.458551,0.28713,0.49634,0.19792,0.012297,0.0037544,0.0020676,0.00035367,8.16E-05,5.44E-05,0,1.51E+06,1.25E+07,3.12E+07,5.48E+07,8.10E+07,1.13E+08,1.03E+08,8.17E+07,8.91E+09,3.5812,5.0484,5.2159,4.9488,5.2005,5.2111,5.3821,5.2295,4.6421,81.961108,7.396056,4201,2.293489865,1.700025013,0.407362,1.14124131
30206,1.4666725,1.4639475,0.2897,0.49502,0.19602,0.012939,0.0037727,0.0021786,0.00029225,2.66E-05,5.31E-05,0,1.51E+06,1.31E+07,3.34E+07,5.57E+07,8.57E+07,1.13E+08,1.12E+08,7.31E+07,8.19E+09,3.5029,4.9102,5.2832,5.2213,5.3739,5.4304,5.3345,5.3722,4.7293,81.221461,7.538366,4352,2.299457777,1.726245785,0.403855,1.13575327
30207,1.5737825,1.452715,0.27858,0.49842,0.20455,0.011902,0.0039675,0.0022042,0.00022042,0.00013776,2.76E-05,0,1.31E+06,1.26E+07,3.24E+07,5.42E+07,7.86E+07,1.01E+08,1.01E+08,8.66E+07,6.48E+09,3.6703,4.8472,5.2384,5.2494,5.2184,5.2468,5.3498,5.2614,4.8506,81.943416,7.51415,4201,2.293034432,1.699345742,0.400709,1.14289808
30208,1.6006175,1.467235,0.28263,0.49583,0.20289,0.012657,0.0034171,0.0018589,0.00062874,8.20E-05,0,0,1.54E+06,1.29E+07,3.15E+07,5.21E+07,7.53E+07,9.62E+07,1.03E+08,8.64E+07,5.86E+09,3.3281,4.9271,5.1435,5.1599,4.929,5.328,5.2556,5.37,4.709,81.462354,7.546787,4206,2.292156516,1.704230738,0.401908,1.15357077
30209,1.3827675,1.388795,0.28687,0.49205,0.20089,0.013671,0.0039816,0.001949,0.00047334,8.35E-05,0,2.78E-05,1.12E+06,1.01E+07,2.53E+07,4.49E+07,6.61E+07,8.77E+07,9.82E+07,6.38E+07,5.41E+09,3.2405,4.7908,5.1579,4.9944,5.0354,4.7582,5.3052,5.1309,4.6102,82.148964,7.110446,3822,2.290782278,1.697062224,0.397969,1.1423521
30301,1.3982225,1.4049375,0.29002,0.49187,0.19954,0.013027,0.0027854,0.0021383,0.0003939,0.00014068,5.63E-05,2.81E-05,1.01E+06,9.78E+06,2.46E+07,4.15E+07,6.37E+07,9.45E+07,8.78E+07,7.48E+07,5.16E+09,3.2612,4.5282,5.0358,5.0319,5.1849,5.1821,5.4781,5.4025,4.6734,82.07634,6.782549,3723,2.276557977,1.660235022,0.41686,1.14844513
30302,1.34525,1.3871985,0.28981,0.49432,0.19725,0.012843,0.0031687,0.0019629,0.00044867,0.00011217,5.61E-05,2.80E-05,1.56E+06,1.21E+07,2.48E+07,3.82E+07,5.77E+07,8.26E+07,8.83E+07,7.13E+07,4.51E+09,3.8227,5.0347,5.136,5.1206,5.0822,5.1551,5.2601,5.3081,4.6225,81.843482,7.877867,3706,2.275519611,1.664485667,0.411293,1.1434257
30303,1.4734135,1.42798,0.29106,0.49497,0.1944,0.013833,0.0036833,0.0014058,0.00042175,0.00011247,2.81E-05,8.44E-05,1.25E+06,1.08E+07,2.58E+07,4.47E+07,6.85E+07,8.93E+07,9.03E+07,8.21E+07,6.29E+09,3.3758,5.0796,5.1864,4.9504,5.0038,5.2075,4.7749,5.1567,4.6897,81.17563,7.396768,3650,2.277285081,1.686891149,0.423723,1.14275563
30304,1.3409425,1.3743325,0.29783,0.49182,0.1912,0.01226,0.0039873,0.0024955,0.00029837,0.0001085,0,0,2.21E+06,1.53E+07,3.05E+07,4.56E+07,6.32E+07,9.05E+07,8.40E+07,6.24E+07,5.30E+09,3.4382,4.9395,5.4842,5.2931,5.2448,4.8482,5.2343,5.3459,4.7475,80.707402,8.935198,4716,2.285202837,1.70808553,0.41052,1.14442456
30305,1.31784,1.3843725,0.29312,0.49756,0.19157,0.011734,0.0035501,0.001897,0.0003794,0.0001355,5.42E-05,0,1.84E+06,1.36E+07,2.68E+07,3.80E+07,5.05E+07,6.16E+07,5.76E+07,4.59E+07,4.17E+09,3.6247,5.0626,5.1434,5.0185,5.2141,5.5007,5.362,5.4485,5.2394,80.120075,9.329044,4641,2.283118864,1.717736054,0.403554,1.14701951
30306,1.3758825,1.434635,0.30255,0.49512,0.18339,0.011947,0.004575,0.0019607,0.00031372,0.00010457,2.61E-05,0,2.03E+06,1.53E+07,3.09E+07,4.57E+07,6.10E+07,7.30E+07,6.69E+07,5.88E+07,5.98E+09,4.1349,5.0062,5.4149,5.2359,5.5156,5.0224,5.4832,5.312,4.641,78.555625,9.733198,5207,2.286988507,1.745611614,0.408138,1.15084696
30307,1.5300125,1.45239,0.2874,0.48962,0.2046,0.012271,0.003437,0.0019315,0.00059651,0.00011362,2.84E-05,0,1.84E+06,1.39E+07,2.87E+07,4.42E+07,6.54E+07,8.91E+07,9.91E+07,7.90E+07,4.80E+09,3.75,4.8582,5.0291,5.185,5.0315,5.3831,5.3182,5.0319,4.613,81.705602,7.895159,3672,2.277571942,1.654172496,0.404652,1.1479485
30308,1.3286025,1.3745775,0.28092,0.50153,0.19959,0.011483,0.0037827,0.0022426,0.00037827,8.11E-05,0,0,1.64E+06,1.28E+07,2.77E+07,4.32E+07,6.27E+07,9.00E+07,8.51E+07,6.72E+07,4.74E+09,3.4918,4.9464,4.9995,5.014,4.867,5.0301,5.2022,5.2308,4.4987,82.382188,8.012726,4073,2.294004467,1.691782499,0.39792,1.13935196
30309,1.3631125,1.3975025,0.28471,0.49776,0.1992,0.012036,0.0037647,0.001951,0.00041219,0.00016488,0,0,1.84E+06,1.40E+07,3.00E+07,4.74E+07,6.92E+07,9.02E+07,9.02E+07,7.20E+07,5.04E+09,3.5653,4.8526,4.8062,5.0315,5.0982,5.4003,5.0264,5.2598,4.7651,84.08457,8.086977,3848,2.286847987,1.674667647,0.404185,1.14593232
30401,1.382,1.438095,0.31232,0.50305,0.16553,0.01248,0.0048481,0.001632,9.60E-05,0,0,4.80E-05,1.47E+06,1.25E+07,2.84E+07,4.47E+07,5.79E+07,6.44E+07,6.64E+07,5.40E+07,6.69E+09,3.861,5.1839,5.3504,4.9866,4.6098,4.9025,4.9947,5.165,4.6373,73.236035,10.618897,6268,2.271628182,1.774172183,0.392498,1.15341163
30402,1.399695,1.38028,0.30886,0.50175,0.17213,0.011117,0.0036618,0.0019495,0.00042151,5.27E-05,2.63E-05,2.63E-05,2.62E+06,1.74E+07,3.24E+07,4.33E+07,5.38E+07,6.51E+07,6.06E+07,5.79E+07,5.01E+09,3.8875,5.0554,5.2564,5.1083,5.3696,5.128,5.4582,5.4456,4.1327,76.743224,10.953102,5388,2.270920844,1.725598453,0.410023,1.13950717
30403,1.53572,1.4326325,0.30666,0.49212,0.18169,0.012484,0.0042863,0.0023843,0.0002679,0.00010716,0,0,2.91E+06,1.94E+07,3.66E+07,5.57E+07,7.87E+07,1.10E+08,9.47E+07,8.77E+07,5.71E+09,3.9508,5.118,5.3073,5.2578,5.4753,5.5287,5.3921,5.2259,4.7061,81.476429,9.536206,4797,2.288137966,1.715837442,0.416704,1.14900517
30404,1.4050175,1.43884,0.31644,0.49955,0.16484,0.012554,0.0044203,0.0018186,0.00025259,0.00012629,0,0,2.59E+06,1.78E+07,3.43E+07,4.89E+07,5.88E+07,6.97E+07,7.30E+07,5.74E+07,5.28E+09,3.7908,5.1131,5.4384,5.3716,5.1312,5.0955,5.3937,5.176,4.6606,75.292725,10.966109,5942,2.272994577,1.746507247,0.41151,1.15223169
30405,1.4048575,1.3861575,0.30856,0.49866,0.17453,0.012125,0.0036507,0.0019818,0.00036507,0.00013038,0,0,2.49E+06,1.73E+07,3.30E+07,4.66E+07,5.95E+07,7.21E+07,6.52E+07,5.36E+07,5.09E+09,4.0334,5.1541,5.3029,5.437,5.3614,5.2694,5.4193,5.2031,5.2297,76.911662,10.588604,5243,2.277334854,1.728603985,0.402437,1.15410745
30406,1.3897675,1.384505,0.30559,0.50188,0.17443,0.011831,0.0039436,0.001802,0.00036563,0.00013058,2.61E-05,0,2.53E+06,1.74E+07,3.28E+07,4.67E+07,5.91E+07,7.20E+07,6.49E+07,5.21E+07,5.08E+09,3.5774,5.0703,5.3117,5.3723,5.2729,5.2425,5.4226,5.2919,5.2166,77.07836,10.584276,5238,2.275153182,1.73497825,0.404454,1.15206015
30407,1.6406475,1.4906225,0.30647,0.48721,0.18442,0.014531,0.0044294,0.0025388,0.00027009,0.00013504,0,0,4.62E+06,2.64E+07,5.09E+07,8.10E+07,1.17E+08,1.70E+08,1.57E+08,1.09E+08,6.87E+09,4.0863,5.0868,5.272,5.3425,5.1225,5.1119,5.1806,5.1391,4.6351,83.308797,8.780128,4475,2.292693045,1.714058337,0.420977,1.15695059
30408,1.5091625,1.42918,0.30036,0.49,0.19077,0.012718,0.0035708,0.0020052,0.00043949,8.24E-05,2.75E-05,2.75E-05,2.63E+06,1.79E+07,3.49E+07,5.36E+07,7.74E+07,1.08E+08,9.98E+07,7.39E+07,5.80E+09,3.8538,5.1123,5.4089,5.1706,5.3722,5.3739,5.173,5.3849,5.0567,81.433662,8.86264,4278,2.288060495,1.705621472,0.400516,1.14567149
30409,1.6463175,1.5030025,0.29756,0.49503,0.18855,0.012451,0.0040679,0.0017866,0.00035732,0.00010994,8.25E-05,0,2.50E+06,1.69E+07,3.43E+07,5.44E+07,7.81E+07,1.05E+08,1.06E+08,1.03E+08,6.45E+09,3.5549,5.0635,5.3602,5.2518,5.3027,5.1547,5.0447,4.8412,4.7361,79.4976,8.844259,4425,2.282399262,1.706263225,0.401668,1.14720631
40101,1.2818,1.3810425,0.28203,0.50939,0.19074,0.011865,0.0042933,0.0015333,0.00011795,2.36E-05,0,0,2.12E+05,2.95E+06,9.68E+06,1.95E+07,2.99E+07,3.67E+07,3.51E+07,2.97E+07,3.61E+09,3.9168,4.7298,5.1285,5.0397,5.2055,5.1541,5.1337,5.0287,4.3177,76.93586,7.674079,5351,2.325145942,1.814337647,0.390265,1.15418935
40102,0.978444333,0.803817,0.27979,0.51938,0.1829,0.012051,0.0044385,0.0013798,6.90E-05,0,0,0,3.84E+05,4.88E+06,1.43E+07,2.55E+07,3.52E+07,4.30E+07,4.06E+07,3.36E+07,5.01E+09,3.8399,4.905,5.2678,5.1872,5.3289,5.3902,5.2302,5.2306,4.852,75.289186,8.655965,5698,2.329235206,1.842408286,0.405744,1.15402508
40103,0.97888075,0.853698625,0.28343,0.51305,0.18704,0.010911,0.0038537,0.0015786,0.00013929,0,0,0,4.52E+05,5.90E+06,1.78E+07,3.16E+07,4.47E+07,5.57E+07,5.13E+07,4.25E+07,7.34E+09,3.7485,5.248,5.5118,5.439,5.4835,5.2208,5.141,5.0917,4.5035,76.623798,8.517474,5597,2.330968369,1.840002512,0.406048,1.15660286
40104,1.12322325,1.19556325,0.2827,0.51187,0.18826,0.011002,0.0046054,0.0014886,2.33E-05,2.33E-05,2.33E-05,0,2.97E+05,4.22E+06,1.37E+07,2.57E+07,3.83E+07,4.88E+07,4.55E+07,3.68E+07,6.73E+09,4.0923,5.1209,5.4197,5.1532,5.4731,5.2836,5.2894,5.2095,4.2134,76.632103,7.934854,5648,2.329819816,1.833150286,0.394507,1.15339947
40105,1.000642,0.80110425,0.28302,0.51569,0.1842,0.011373,0.0043101,0.0013088,9.03E-05,0,0,0,3.96E+05,5.01E+06,1.41E+07,2.51E+07,3.45E+07,4.13E+07,3.74E+07,3.45E+07,6.67E+09,4.0739,5.0187,5.2207,5.3845,5.3806,5.3774,5.2472,5.3118,4.4426,75.223857,8.877401,5855,2.333462665,1.846559355,0.397016,1.15595961
40106,1.281585,1.3770525,0.28489,0.50972,0.18793,0.01141,0.0043709,0.0015873,9.20E-05,0,0,0,3.07E+05,4.29E+06,1.37E+07,2.60E+07,3.94E+07,4.90E+07,4.81E+07,3.69E+07,6.89E+09,3.6093,4.3313,5.5951,5.3967,5.3592,5.4091,5.0619,5.2287,4.2594,76.110195,8.128608,5436,2.328220024,1.831666745,0.399573,1.15284479
40107,0.94532325,0.88299825,0.28696,0.51261,0.18295,0.011127,0.0045899,0.0016691,9.27E-05,0,0,0,3.08E+05,4.33E+06,1.42E+07,2.85E+07,4.51E+07,5.40E+07,5.04E+07,4.76E+07,7.63E+09,3.8275,4.631,5.4046,5.3953,5.156,5.2051,5.0056,4.8073,4.1815,76.241531,7.970784,5504,2.324959402,1.827285053,0.414784,1.15219617
40108,0.932192,0.816322,0.28286,0.51603,0.1837,0.011764,0.0041641,0.001388,6.83E-05,2.28E-05,0,0,3.84E+05,5.08E+06,1.52E+07,2.69E+07,3.98E+07,5.16E+07,4.87E+07,3.99E+07,6.99E+09,3.759,4.8655,5.4564,5.4048,5.3093,5.1837,5.1654,5.109,4.267,75.316032,8.652708,5897,2.328267205,1.831687934,0.396472,1.15128946
40109,0.9299055,0.832762067,0.27188,0.52606,0.18569,0.011147,0.0036085,0.001494,0.00011492,0,0,0,3.73E+05,5.03E+06,1.52E+07,2.73E+07,4.09E+07,5.05E+07,5.00E+07,3.83E+07,8.32E+09,4.0557,4.7776,5.1665,5.1387,5.2949,5.1934,5.1584,5.0036,4.5668,74.271207,8.547643,5695,2.327155383,1.829930549,0.399526,1.15074384
40201,1.276986,1.373865,0.28422,0.50877,0.18936,0.011831,0.004321,0.0013864,6.93E-05,4.62E-05,0,0,2.19E+05,3.53E+06,1.43E+07,2.96E+07,4.30E+07,5.01E+07,5.02E+07,4.37E+07,1.17E+10,4.2686,5.4676,5.3055,4.7564,5.1902,5.1029,4.9401,4.98,4.2679,75.691605,7.576945,5615,2.320273879,1.838720318,0.414494,1.14850044
40202,1.25459375,1.3731175,0.27909,0.51055,0.19379,0.01077,0.0043826,0.0012355,0.00013987,4.66E-05,0,0,2.55E+05,4.00E+06,1.50E+07,3.03E+07,4.42E+07,5.44E+07,5.21E+07,4.56E+07,1.27E+10,4.0352,5.2644,5.5737,5.3159,5.3362,5.4635,5.3788,4.7465,4.4882,76.169596,7.587379,5612,2.317523849,1.839230031,0.402915,1.15080178
40203,0.92733325,0.836004375,0.28482,0.51436,0.18413,0.011435,0.0036681,0.0015397,4.53E-05,0,0,0,2.72E+05,4.32E+06,1.59E+07,3.13E+07,4.53E+07,4.88E+07,4.79E+07,4.04E+07,1.13E+10,3.894,5.2633,5.0702,5.2938,5.3037,4.7994,5.0422,4.951,4.257,74.22569,8.19455,6092,2.324526549,1.859040762,0.415082,1.15452182
40204,1.2757575,1.3905325,0.285,0.50648,0.19032,0.01208,0.004709,0.0013877,0,2.27E-05,0,0,1.30E+05,2.23E+06,1.04E+07,2.36E+07,3.66E+07,4.64E+07,3.77E+07,2.90E+07,1.20E+10,3.9547,5.2578,5.4148,5.1252,5.4046,5.205,5.1448,5.1987,4.4738,75.352731,7.250685,5681,2.322436148,1.841928734,0.377236,1.14108288
40205,0.90007,0.846945104,0.27675,0.52342,0.18374,0.010725,0.0039361,0.0014374,0,0,0,0,3.50E+05,4.77E+06,1.46E+07,2.57E+07,3.46E+07,4.18E+07,3.92E+07,2.98E+07,7.41E+09,4.1004,5.3344,5.3364,5.4459,5.4831,5.3487,4.8819,5.016,4.6798,73.521323,9.416823,6309,2.336672426,1.864543116,0.378632,1.15243411
40206,0.988945583,0.781241417,0.27635,0.52175,0.18451,0.01212,0.0040248,0.0011306,9.04E-05,2.26E-05,0,0,3.86E+05,5.18E+06,1.54E+07,2.72E+07,3.76E+07,4.44E+07,3.44E+07,3.32E+07,7.07E+09,4.0824,5.1205,5.5469,5.3373,5.2601,4.9807,5.3758,5.2177,4.5029,72.998084,8.867857,5952,2.32359497,1.842242355,0.401328,1.15052915
40207,0.9044895,0.786665067,0.27377,0.5271,0.18358,0.010433,0.0037228,0.0013598,2.23E-05,2.23E-05,0,0,3.05E+05,4.09E+06,1.18E+07,2.08E+07,2.81E+07,3.57E+07,3.14E+07,2.34E+07,6.12E+09,4.3536,5.0744,5.182,5.3678,5.2712,5.2039,5.188,5.1522,4.7207,72.488447,9.397534,6311,2.325275471,1.847660356,0.367874,1.15977752
40208,0.992331,0.812153417,0.27471,0.51422,0.19369,0.012004,0.0034532,0.0017618,0.00016444,0,0,0,1.71E+05,2.77E+06,1.11E+07,2.30E+07,3.60E+07,3.89E+07,3.93E+07,3.24E+07,9.78E+09,4.1238,5.1008,5.0231,5.1058,5.3001,5.2123,5.2957,4.8532,4.5813,75.18131,7.333632,5314,2.315331144,1.813347783,0.387449,1.14655089
40209,1.15170025,1.14770925,0.28127,0.51196,0.18936,0.011928,0.0040452,0.0012945,0.00013869,0,0,0,2.66E+05,3.80E+06,1.22E+07,2.34E+07,3.41E+07,4.30E+07,3.97E+07,3.18E+07,6.64E+09,3.8771,4.7134,5.479,5.2142,5.37,5.1788,4.9293,4.9122,4.2747,74.735981,8.25975,5651,2.326802296,1.832647726,0.388488,1.15186906
40301,0.86770825,0.806878375,0.27983,0.52726,0.17572,0.011679,0.0041974,0.0013049,0,0,0,0,2.64E+05,3.46E+06,1.00E+07,1.72E+07,2.34E+07,2.57E+07,2.53E+07,2.37E+07,3.09E+09,3.6428,4.9879,5.0236,4.8926,4.647,4.9033,5.0521,4.7308,4.535,72.585076,10.357053,6929,2.346798122,1.895001438,0.355351,1.16019166
40302,1.018426,0.8180725,0.28062,0.51438,0.18792,0.011351,0.0042311,0.0013876,0.00011374,0,0,0,2.12E+05,3.38E+06,1.25E+07,2.45E+07,3.59E+07,4.30E+07,4.98E+07,3.51E+07,7.48E+09,4.0792,5.2127,5.3577,5.4048,5.4903,5.3996,4.8539,4.9384,4.6299,74.607942,7.986716,6018,2.332668698,1.857230701,0.377257,1.15390456
40303,0.963526583,0.798338375,0.27485,0.52585,0.18271,0.011341,0.0039639,0.0012112,6.61E-05,0,0,0,3.33E+05,4.42E+06,1.31E+07,2.31E+07,3.20E+07,3.55E+07,3.38E+07,2.52E+07,5.51E+09,2.8947,4.9924,5.2308,5.1102,4.8538,4.864,4.9833,5.0317,4.688,71.346991,9.614952,6775,2.336367414,1.868145593,0.3603,1.14666259
40304,1.023733333,0.7706905,0.27802,0.51958,0.18547,0.011586,0.0039968,0.001235,6.74E-05,4.49E-05,0,0,2.24E+05,3.20E+06,9.84E+06,1.78E+07,2.60E+07,3.14E+07,3.13E+07,2.54E+07,3.98E+09,4.147,4.9386,5.4652,5.5185,5.1766,5.0208,5.1778,4.9694,4.8558,74.069353,8.939304,6401,2.335745444,1.860001308,0.354979,1.15364492
40305,0.9670605,0.80750525,0.27598,0.52396,0.1834,0.0114,0.0042391,0.00094447,4.39E-05,0,2.20E-05,0,3.39E+05,4.38E+06,1.23E+07,2.12E+07,2.80E+07,3.26E+07,2.76E+07,2.47E+07,4.27E+09,3.9981,5.1641,5.5115,5.5083,5.3297,5.3089,5.3372,5.0382,5.0356,72.177288,9.787761,6747,2.339148299,1.874394232,0.365299,1.15559709
40306,1.098146333,0.78799325,0.27833,0.52173,0.1831,0.01104,0.0045524,0.0011381,0.00011381,0,0,0,2.87E+05,3.86E+06,1.13E+07,2.09E+07,2.95E+07,3.51E+07,3.56E+07,2.57E+07,4.41E+09,4.2097,5.0289,5.3272,5.0364,5.3014,5.4264,5.2206,4.9133,4.564,73.820078,9.095149,6110,2.333836935,1.858194621,0.367903,1.16122341
40307,0.99899175,0.8025635,0.28364,0.5172,0.18179,0.011561,0.0044551,0.001292,6.68E-05,0,0,0,3.26E+05,4.42E+06,1.34E+07,2.39E+07,3.44E+07,3.99E+07,3.61E+07,3.45E+07,6.83E+09,3.9887,5.0813,5.1019,5.1985,4.9589,5.2479,4.9745,4.8441,3.7698,73.460626,9.128145,6399,2.336334433,1.864108277,0.367784,1.16228652
40308,0.954288833,0.78867,0.28043,0.51642,0.18584,0.011755,0.004077,0.001427,4.53E-05,0,0,0,3.41E+05,4.42E+06,1.23E+07,2.17E+07,3.14E+07,3.61E+07,2.99E+07,2.87E+07,5.60E+09,3.5138,4.7475,5.3377,5.2747,5.196,5.2478,5.1087,4.9241,4.4244,73.231389,9.346713,6358,2.331382126,1.861595164,0.379579,1.14821601
40309,1.043527833,0.779189875,0.28323,0.52016,0.18034,0.011199,0.0036658,0.0012741,0.00011176,2.24E-05,0,0,2.60E+05,3.74E+06,1.16E+07,2.08E+07,3.03E+07,3.33E+07,3.29E+07,2.34E+07,6.23E+09,4.1287,4.9755,4.9376,4.9164,4.9809,4.8667,5.2589,5.0173,4.3742,73.005666,9.026193,6367,2.330538008,1.853467122,0.370518,1.1544987
40401,1.00783925,0.7923485,0.28491,0.51778,0.18052,0.011224,0.0044242,0.0010897,4.36E-05,0,0,0,2.19E+05,3.00E+06,9.23E+06,1.61E+07,2.26E+07,2.75E+07,2.44E+07,1.63E+07,3.05E+09,3.9247,5.0211,4.8984,4.9885,5.1414,5,5.0575,5.2077,4.6791,73.002381,9.835209,6999,2.345586174,1.894714615,0.343881,1.17283773
40402,0.92548675,0.78043875,0.28166,0.5191,0.18191,0.012205,0.003945,0.0011552,2.18E-05,0,0,0,1.57E+05,2.33E+06,8.05E+06,1.49E+07,2.25E+07,2.66E+07,2.49E+07,1.94E+07,3.52E+09,3.8963,5.083,5.1789,5.486,5.2152,5.2828,5.235,5.1022,4.3939,73.30149,8.926194,6623,2.341940303,1.888351319,0.352899,1.15840101
40403,0.87585925,0.813347875,0.28495,0.52558,0.17232,0.011917,0.0041786,0.0010233,2.13E-05,0,0,0,2.36E+05,3.13E+06,9.01E+06,1.54E+07,2.07E+07,2.52E+07,2.20E+07,1.83E+07,2.95E+09,3.5783,4.6245,4.9418,5.0679,4.9081,4.7597,4.7113,4.7249,4.3197,72.178742,10.363994,7387,2.34622815,1.90124361,0.334043,1.16726112
40404,0.990295417,0.79544175,0.28135,0.51932,0.18234,0.011211,0.004305,0.001435,4.48E-05,0,0,0,2.62E+05,3.63E+06,1.18E+07,2.06E+07,3.12E+07,3.61E+07,3.54E+07,3.09E+07,5.08E+09,4.0102,5.1354,4.7192,5.2696,5.3373,5.1348,5.3039,5.0326,4.5842,73.484136,8.757207,6267,2.325332309,1.848325451,0.35949,1.14556861
40405,0.975871833,0.782355292,0.27519,0.52279,0.18495,0.01185,0.0040018,0.0011338,6.67E-05,2.22E-05,0,0,1.56E+05,2.30E+06,7.90E+06,1.53E+07,2.23E+07,2.82E+07,2.69E+07,1.84E+07,4.26E+09,3.6893,4.9006,5.0823,4.7958,5.0309,4.6925,5.0008,5.0993,4.888,73.715809,8.690686,6418,2.336104391,1.865279488,0.335375,1.1510458
40406,1.006260917,0.7948365,0.28272,0.51531,0.18447,0.011488,0.0044764,0.0014388,9.14E-05,0,0,0,2.27E+05,3.13E+06,9.58E+06,1.79E+07,2.77E+07,3.49E+07,3.23E+07,2.80E+07,4.67E+09,3.9711,4.9504,5.13,4.827,4.9001,5.0384,5.2434,4.9702,4.2668,74.1451,8.622698,6186,2.32709302,1.844877915,0.364618,1.16126418
40407,0.90783875,0.840073438,0.28269,0.5218,0.17855,0.01201,0.0038634,0.00099344,6.62E-05,0,2.21E-05,0,2.54E+05,3.84E+06,1.30E+07,2.47E+07,3.75E+07,4.15E+07,3.87E+07,4.26E+07,8.29E+09,3.902,5.2107,5.5175,4.763,4.6053,5.1554,4.625,4.6255,3.9528,72.33122,8.781111,6714,2.324654035,1.863496662,0.342703,1.15475488
40408,0.962653083,0.800977,0.27924,0.51904,0.18475,0.011064,0.0044669,0.0013286,9.16E-05,2.29E-05,0,0,1.85E+05,2.84E+06,9.69E+06,2.03E+07,3.20E+07,4.15E+07,4.30E+07,3.92E+07,6.60E+09,3.5017,4.8695,4.9374,5.0224,4.7911,5.1996,4.6415,4.5274,3.8106,74.287896,8.030024,6057,2.326014675,1.843374565,0.32011,1.16385257
40409,1.015540833,0.78508575,0.27765,0.52092,0.18507,0.011105,0.0038981,0.0012465,0.00011332,0,0,0,2.05E+05,3.02E+06,9.97E+06,1.88E+07,2.92E+07,3.84E+07,3.84E+07,3.64E+07,4.57E+09,3.3813,4.9037,4.7652,5.0152,4.7673,5.172,4.7298,4.5384,4.3849,73.652844,8.707305,6201,2.328924329,1.844332599,0.325717,1.16030824
50101,1.0352,0.83946,0.26904,0.5294,0.18647,0.0098401,0.0040255,0.0011406,6.71E-05,0,2.24E-05,0,3.23E+05,4.96E+06,1.74E+07,3.36E+07,4.51E+07,5.43E+07,5.66E+07,4.94E+07,8.62E+09,4.2745,5.1912,5.1821,5.1293,5.0309,4.8474,5.1009,4.9729,4.3833,72.916656,8.618061,6440,2.332954222,1.860665441,0.344148,1.15809679
50102,0.68084,0.77535,0.26623,0.53257,0.18526,0.011115,0.0038135,0.00095337,6.50E-05,0,0,0,3.21E+05,5.07E+06,1.77E+07,3.36E+07,4.88E+07,5.58E+07,5.09E+07,4.56E+07,8.33E+09,4.1541,5.014,5.4906,5.5086,5.2505,5.1645,5.0679,4.894,4.3663,71.513233,8.95522,6725,2.340633082,1.876663675,0.325873,1.15645516
50103,0.91284,0.80841,0.27165,0.52969,0.18252,0.010951,0.004101,0.0010253,4.36E-05,2.18E-05,0,0,3.08E+05,4.83E+06,1.72E+07,3.33E+07,4.52E+07,5.05E+07,4.80E+07,3.91E+07,7.48E+09,4.338,5.261,5.1623,5.1875,4.994,4.9612,5.1024,4.5554,4.0611,73.103774,8.938634,6281,2.33754135,1.858941265,0.32368,1.15751302
50104,0.97776,0.75398,0.27652,0.52588,0.18191,0.01026,0.0041343,0.0012771,2.16E-05,0,0,0,2.44E+05,3.75E+06,1.32E+07,2.51E+07,3.66E+07,4.06E+07,3.89E+07,3.01E+07,6.97E+09,4.248,5.1614,5.2467,5.3187,5.1431,5.4343,4.8051,5.1919,4.3836,72.643451,9.000314,6584,2.343783914,1.869061689,0.323208,1.16267085
50105,0.68814,0.78228,0.27894,0.52726,0.17835,0.010627,0.0037681,0.0010373,2.12E-05,0,0,0,2.77E+05,4.36E+06,1.55E+07,2.83E+07,4.06E+07,4.59E+07,4.06E+07,2.95E+07,8.00E+09,4.3522,5.3732,5.5218,5.4941,5.2373,4.879,4.998,5.2443,4.6065,72.032632,9.207082,6740,2.34075444,1.882385491,0.329495,1.15349162
50106,0.9542,0.7889,0.2733,0.53008,0.18047,0.010379,0.0046296,0.0011197,2.15E-05,0,0,0,2.95E+05,4.43E+06,1.47E+07,2.68E+07,3.77E+07,4.30E+07,3.58E+07,2.99E+07,6.82E+09,3.9313,5.0181,5.357,5.4859,5.4389,5.2898,5.3626,5.1851,4.1894,72.565214,9.359936,6629,2.342357308,1.869150006,0.338759,1.15739274
50107,1.008,0.77591,0.27324,0.53112,0.17974,0.010727,0.0040227,0.0010814,6.49E-05,0,0,0,3.12E+05,4.54E+06,1.47E+07,2.71E+07,3.90E+07,4.28E+07,3.67E+07,3.49E+07,6.42E+09,4.0988,5.0737,5.212,5.2188,4.9464,4.5992,4.931,4.824,4.3569,71.639435,9.555479,6949,2.341355132,1.875055384,0.325388,1.16652036
50108,0.71722,0.77659,0.27326,0.52746,0.18399,0.010346,0.0038932,0.00098944,4.30E-05,0,2.15E-05,0,3.87E+05,5.08E+06,1.52E+07,2.66E+07,3.58E+07,3.82E+07,3.30E+07,2.41E+07,5.02E+09,3.5264,5.1457,5.1589,5.3558,5.3733,5.2582,4.9213,4.7422,3.8723,70.962039,10.104404,6882,2.342506881,1.865263923,0.3175,1.16341698
50109,0.90829,0.77906,0.27304,0.52337,0.18827,0.0099757,0.0040972,0.0011579,8.91E-05,0,0,0,2.13E+05,3.54E+06,1.38E+07,2.92E+07,4.39E+07,4.97E+07,4.68E+07,3.46E+07,8.55E+09,2.332,5.2815,5.1839,4.8418,4.8102,4.8429,4.8631,4.9733,3.9998,73.520609,8.095875,6309,2.336459178,1.84989905,0.324755,1.1588726
50201,1.2758,0.81428,0.27505,0.53035,0.17905,0.0099314,0.0044648,0.001089,4.36E-05,2.18E-05,0,0,3.34E+05,4.66E+06,1.44E+07,2.53E+07,3.46E+07,4.09E+07,3.67E+07,3.28E+07,4.63E+09,3.8731,5.1707,5.264,5.2618,5.0366,4.9999,4.7689,4.8682,4.6368,71.537698,9.769556,6688,2.337047917,1.870244672,0.321619,1.16144598
50202,0.72407,0.77863,0.27265,0.53554,0.17595,0.010601,0.0036579,0.0015551,4.38E-05,0,0,0,2.97E+05,4.44E+06,1.49E+07,2.82E+07,3.97E+07,4.36E+07,4.61E+07,3.28E+07,6.17E+09,4.0679,5.2112,5.0678,5.1244,5.0264,4.82,4.8775,4.6467,4.4288,72.881625,9.02781,6300,2.331609176,1.845055724,0.329052,1.15050864
50203,1.0071,0.75295,0.27299,0.53069,0.18092,0.010183,0.0038159,0.0013089,6.66E-05,2.22E-05,0,0,3.30E+05,4.96E+06,1.73E+07,3.21E+07,4.32E+07,5.11E+07,4.79E+07,3.56E+07,7.37E+09,3.985,4.9992,5.2444,4.8768,5.0748,4.8438,4.6319,4.6591,4.2886,72.826711,8.949767,6347,2.333854716,1.853158593,0.341619,1.15927064
50204,1.1367,0.70597,0.27538,0.52821,0.18022,0.010891,0.004153,0.0010383,8.84E-05,2.21E-05,0,0,2.67E+05,4.18E+06,1.50E+07,2.85E+07,4.17E+07,4.72E+07,4.19E+07,3.27E+07,6.70E+09,4.4729,5.2721,5.2224,5.0177,5.0663,5.2007,4.9207,5.2757,4.7538,73.785646,8.780136,6412,2.337386037,1.860028395,0.332007,1.16182339
50205,0.73796,0.77733,0.2757,0.526,0.1826,0.010457,0.0040221,0.001174,4.35E-05,0,0,0,3.50E+05,4.97E+06,1.57E+07,2.85E+07,3.92E+07,4.30E+07,3.90E+07,2.91E+07,5.68E+09,4.198,5.2689,5.4168,5.3288,5.3398,5.2537,5.0714,5.2649,4.7591,72.115439,9.546195,6501,2.339536174,1.866240306,0.331086,1.16328621
50206,1.2625,0.81838,0.27703,0.52708,0.18018,0.010519,0.0040374,0.0010694,8.73E-05,0,0,0,3.18E+05,4.80E+06,1.61E+07,2.96E+07,3.93E+07,4.23E+07,4.08E+07,3.47E+07,7.43E+09,4.1618,5.0804,5.4531,5.2039,5.3336,5.2727,5.1362,4.5225,4.4726,72.579288,9.182554,6620,2.339249764,1.867422792,0.344077,1.15454304
50207,1.0979,0.81421,0.26835,0.53784,0.17773,0.01126,0.0037247,0.0010765,2.15E-05,0,0,0,3.45E+05,5.26E+06,1.78E+07,3.20E+07,4.55E+07,4.51E+07,4.37E+07,3.42E+07,7.37E+09,4.3424,5.1263,5.1201,5.1111,4.9814,5.2667,4.6975,4.8077,3.9792,71.376714,9.535542,6882,2.343881738,1.873647959,0.324815,1.16445112
50208,0.75281,0.81166,0.27245,0.5336,0.17774,0.010708,0.0042351,0.0012288,4.39E-05,0,0,0,2.64E+05,4.03E+06,1.34E+07,2.46E+07,3.72E+07,4.35E+07,4.12E+07,4.09E+07,5.06E+09,3.8693,5.3069,5.3103,5.0992,4.8288,5.2119,5.1001,4.8525,4.4848,72.179874,9.121308,6310,2.334334408,1.861600152,0.324232,1.15939116
50209,1.0581,0.77089,0.27361,0.53129,0.17976,0.010283,0.0037827,0.0011957,6.52E-05,0,0,0,3.72E+05,5.74E+06,1.91E+07,3.45E+07,4.86E+07,5.14E+07,4.96E+07,3.54E+07,9.39E+09,4.163,5.3746,5.2568,4.9318,4.9603,5.2061,5.0563,5.0285,4.2176,71.966905,9.289923,6590,2.33775235,1.872130351,0.338705,1.15923238
50301,1.2246,0.79958,0.27016,0.52457,0.18915,0.010403,0.0040919,0.0014796,0.00011559,2.31E-05,0,0,2.41E+05,3.93E+06,1.49E+07,2.99E+07,4.43E+07,5.32E+07,5.06E+07,4.24E+07,7.52E+09,4.445,5.2656,5.0377,5.083,4.8414,5.1055,4.9987,5.0775,4.6969,73.767939,7.842363,5387,2.323592269,1.821789717,0.344967,1.15577078
50302,0.71586,0.75986,0.26862,0.52769,0.18796,0.010312,0.004071,0.0012974,2.24E-05,2.24E-05,0,0,3.40E+05,5.15E+06,1.74E+07,3.10E+07,4.42E+07,5.27E+07,4.91E+07,4.05E+07,8.88E+09,4.1035,5.3866,5.4625,5.7153,5.4351,5.1857,5.1578,4.9308,4.0738,73.750264,8.547358,6099,2.330589288,1.847051932,0.34941,1.15540361
50303,1.0506,0.76256,0.27284,0.52214,0.1886,0.011212,0.0037372,0.0012535,0.00013928,6.96E-05,0,0,2.00E+05,3.15E+06,1.24E+07,2.57E+07,4.01E+07,4.72E+07,4.77E+07,3.62E+07,7.68E+09,4.3679,5.4419,5.1476,5.1224,4.5977,5.0297,4.8904,4.9959,4.471,74.491024,7.567436,5408,2.32080425,1.81080118,0.324649,1.14921689
50304,1.1505,0.71189,0.27273,0.52303,0.18737,0.011351,0.0040573,0.0013676,6.84E-05,2.28E-05,0,0,1.59E+05,2.64E+06,1.16E+07,2.46E+07,3.67E+07,4.07E+07,3.87E+07,3.20E+07,7.16E+09,4.3058,5.25,5.4658,5.4498,5.1135,5.2232,5.2747,5.0649,4.6938,74.495002,7.535653,5541,2.323783765,1.828992868,0.322639,1.14274299
50305,0.69613,0.80866,0.26904,0.52859,0.18594,0.011192,0.0039972,0.0011992,2.22E-05,2.22E-05,0,0,2.06E+05,3.27E+06,1.19E+07,2.39E+07,3.51E+07,4.02E+07,3.57E+07,2.70E+07,5.38E+09,4.1834,5.1996,5.5079,5.4041,5.0029,4.9044,5.04,5.0892,4.3439,72.651011,8.403669,6051,2.333131612,1.858238406,0.314594,1.14950442
50306,1.2185,0.80186,0.27391,0.52257,0.1873,0.010446,0.0045186,0.0011856,6.71E-05,0,0,0,2.09E+05,3.55E+06,1.41E+07,2.81E+07,4.28E+07,5.38E+07,4.82E+07,3.72E+07,9.24E+09,4.1355,5.1471,5.536,5.3071,5.3579,5.2905,5.061,5.0485,4.7298,73.683732,8.028715,5983,2.33356198,1.858597908,0.333688,1.15493166
50307,1.1582,1.039,0.27389,0.52876,0.18167,0.010148,0.0041212,0.0013737,4.43E-05,0,0,0,2.72E+05,4.24E+06,1.45E+07,2.75E+07,3.85E+07,4.42E+07,4.27E+07,3.07E+07,7.41E+09,4.1592,5.145,5.1414,5.0937,4.8574,4.984,4.6469,4.8562,4.3438,71.922243,8.659314,6101,2.328847906,1.849157089,0.334471,1.15113819
50308,0.78189,1.0797,0.27449,0.52791,0.18268,0.0098403,0.0037066,0.0012576,0.00011032,0,0,0,2.21E+05,3.64E+06,1.38E+07,2.69E+07,3.78E+07,4.67E+07,4.70E+07,3.73E+07,6.51E+09,4.2539,5.0042,5.5123,5.2247,5.3884,5.0541,5.1677,4.81,4.3613,71.214946,8.57302,6316,2.327264534,1.847400712,0.32354,1.150576
50309,1.172,1.0588,0.26802,0.53453,0.18146,0.010957,0.0038646,0.001032,0.00013175,0,0,0,2.50E+05,4.01E+06,1.47E+07,2.78E+07,3.97E+07,4.67E+07,4.21E+07,3.59E+07,7.75E+09,4.2278,5.3611,5.4418,5.169,4.8054,5.1766,5.0614,4.6939,4.2644,71.464122,8.612216,6138,2.332943885,1.856228836,0.327082,1.15741503
50401,1.2351,0.863,0.26301,0.53755,0.18455,0.010649,0.0029798,0.0011174,0.00010955,0,0,2.19E-05,2.76E+05,4.14E+06,1.37E+07,2.47E+07,3.39E+07,3.92E+07,3.67E+07,2.65E+07,4.44E+09,4.1903,5.2309,5.1939,4.9125,5.1553,4.7317,4.6677,5.0029,4.9514,71.149312,9.357227,6214,2.330406353,1.84099386,0.295288,1.15263426
50402,0.76067,0.85629,0.26687,0.53764,0.18043,0.010304,0.0035198,0.0011946,4.27E-05,0,0,0,3.14E+05,4.27E+06,1.28E+07,2.22E+07,2.96E+07,3.46E+07,3.19E+07,2.40E+07,4.24E+09,4.1396,5.2342,5.3568,5.1045,5.1711,5.1884,5.1003,4.8179,3.7229,69.97693,10.288752,6927,2.341849287,1.86695445,0.305615,1.15824294
50403,1.0828,0.84106,0.27003,0.53391,0.18059,0.010403,0.0036823,0.0013531,2.22E-05,2.22E-05,0,0,3.12E+05,4.70E+06,1.52E+07,2.70E+07,3.78E+07,4.41E+07,4.29E+07,3.48E+07,5.72E+09,3.8551,5.0292,5.3923,5.1131,4.8644,5.1615,4.8624,4.8153,4.3955,72.145815,9.0018,6275,2.331242646,1.85084379,0.3265,1.15732169
50404,1.1881,0.74643,0.27283,0.52719,0.18475,0.0099848,0.0039454,0.0012123,6.61E-05,2.20E-05,0,0,2.11E+05,3.12E+06,1.05E+07,1.90E+07,2.66E+07,3.10E+07,2.69E+07,2.26E+07,3.65E+09,3.9676,5.1274,5.2755,5.2624,5.2634,5.1856,5.2854,4.9394,4.7543,70.788517,9.275777,6127,2.327670717,1.855120855,0.30204,1.15585554
50405,0.86714,0.78012,0.27176,0.53043,0.18221,0.010353,0.0040153,0.0012154,2.17E-05,0,0,0,2.83E+05,4.26E+06,1.40E+07,2.52E+07,3.36E+07,3.80E+07,3.16E+07,2.54E+07,6.04E+09,4.1518,5.2543,5.3852,5.3834,5.3825,5.2041,5.108,5.1506,4.8867,71.015288,9.528951,6642,2.337159878,1.863937522,0.321671,1.15887177
50406,1.1248,0.80934,0.26281,0.53712,0.18566,0.0099576,0.0032755,0.0011355,4.37E-05,0,0,0,2.10E+05,3.09E+06,1.06E+07,2.00E+07,2.74E+07,3.12E+07,3.57E+07,2.66E+07,4.47E+09,4.2737,5.3758,5.4525,5.1698,5.1567,4.9599,4.9939,4.9388,4.7365,70.483472,9.050006,6225,2.334597778,1.861882225,0.287634,1.14898443
50407,1.1883,0.83255,0.26966,0.53326,0.18269,0.0093335,0.0036675,0.0013396,4.39E-05,0,0,0,2.59E+05,3.84E+06,1.27E+07,2.43E+07,3.38E+07,3.86E+07,3.81E+07,3.40E+07,5.07E+09,4.0054,4.8186,5.1566,4.8934,4.8728,4.8855,4.8987,4.8982,4.5606,71.024147,9.176976,6201,2.333447385,1.84926874,0.292113,1.15347362
50408,0.76946,0.79681,0.26726,0.5364,0.18152,0.0099455,0.0034393,0.0013801,6.57E-05,0,0,0,1.90E+05,2.75E+06,8.89E+06,1.61E+07,2.18E+07,2.72E+07,2.38E+07,2.04E+07,3.36E+09,3.9227,5.091,4.929,4.9169,4.9021,5.3834,4.9474,4.756,4.4078,70.486826,9.462333,6363,2.328935136,1.848354093,0.263418,1.15293896
50409,1.3288,0.7585,0.26733,0.53633,0.1812,0.0098358,0.004089,0.0011272,8.84E-05,0,0,0,3.09E+05,4.46E+06,1.43E+07,2.56E+07,3.57E+07,4.31E+07,3.93E+07,2.71E+07,5.57E+09,3.8042,5.1639,5.2137,5.1525,5.0007,5.0456,5.04,4.9205,4.4265,71.092748,9.186398,6292,2.335360614,1.856829109,0.318896,1.16466308
60101,1.4197,1.4004,0.28653,0.49874,0.19596,0.012502,0.0040486,0.0019352,0.00022917,5.09E-05,0,0,4.30E+05,6.17E+06,2.22E+07,4.70E+07,8.39E+07,1.06E+08,1.15E+08,8.32E+07,1.01E+10,3.8007,5.3411,5.4002,5.3268,5.3371,5.2351,5.1545,4.8101,4.0337,78.462397,6.212112,4458,2.295137735,1.746180218,0.438183,1.14678967
60102,1.5146,1.4805,0.27734,0.50409,0.19985,0.01277,0.0037513,0.0019527,0.00010277,0.00015416,0,0,4.92E+05,6.62E+06,2.31E+07,4.82E+07,7.52E+07,1.00E+08,1.01E+08,7.41E+07,8.84E+09,4.2163,5.1938,5.6224,5.4811,5.3822,5.1234,5.293,5.0312,4.8426,77.443603,6.314211,4402,2.287106879,1.75485902,0.426006,1.13716328
60103,1.3064,1.3354,0.28476,0.50526,0.1928,0.010876,0.0042483,0.0019178,0.00012138,2.43E-05,0,0,6.80E+05,8.17E+06,2.54E+07,4.83E+07,7.42E+07,9.34E+07,8.52E+07,6.30E+07,6.25E+09,3.9377,5.3217,5.3323,5.4114,5.0616,5.4268,5.2321,4.9858,4.7734,76.206301,7.457816,5275,2.312889406,1.79899524,0.410769,1.15433145
60104,1.1732,1.2922,0.27976,0.50643,0.19583,0.01148,0.0042647,0.002058,9.92E-05,7.44E-05,0,0,4.20E+05,5.43E+06,1.70E+07,3.25E+07,5.30E+07,6.38E+07,6.80E+07,4.80E+07,4.23E+09,3.7771,4.9189,5.2903,5.3602,5.3963,5.3261,5.2241,5.195,4.6195,77.136067,7.179343,5040,2.3064607,1.782480891,0.411367,1.16282153
60105,1.5188,1.4132,0.2872,0.50669,0.18866,0.011522,0.0040423,0.0016944,0.00014523,4.84E-05,0,0,7.14E+05,8.42E+06,2.54E+07,4.78E+07,7.50E+07,9.22E+07,9.00E+07,6.31E+07,6.37E+09,3.6423,5.1178,5.5709,5.5254,5.4065,5.2958,5.1656,5.1258,5.0084,76.574468,7.396901,4972,2.311758539,1.80562059,0.415521,1.14747524
60106,1.2765,1.3086,0.2808,0.51327,0.18757,0.01223,0.0043262,0.0017539,4.68E-05,0,0,0,6.93E+05,8.45E+06,2.63E+07,4.95E+07,7.57E+07,8.95E+07,7.28E+07,4.87E+07,6.55E+09,4.0664,5.076,5.403,5.505,5.3584,5.178,5.1437,5.4203,4.8211,76.207373,7.770327,5528,2.320599306,1.820515476,0.408282,1.15226507
60107,1.3179,1.3236,0.28071,0.50865,0.19233,0.012108,0.0040853,0.001895,0.00019688,2.46E-05,0,0,5.96E+05,7.22E+06,2.24E+07,4.39E+07,6.73E+07,8.17E+07,8.16E+07,5.87E+07,6.33E+09,3.7907,5.0855,5.1366,5.2056,5.263,5.3313,4.8819,5.1266,4.711,76.747135,7.336897,4909,2.30816949,1.790564546,0.415538,1.15521979
60108,1.3719,1.3695,0.28271,0.51301,0.18586,0.012494,0.0041569,0.0016674,4.70E-05,4.70E-05,0,0,5.79E+05,6.90E+06,2.03E+07,3.73E+07,5.48E+07,6.42E+07,5.43E+07,3.97E+07,3.92E+09,3.9537,5.1103,5.3933,5.1969,5.4433,5.3845,5.1947,4.7941,4.0722,75.708628,8.025788,5371,2.313885632,1.813812267,0.409785,1.14961576
60109,1.3665,1.3644,0.28023,0.50911,0.19337,0.011549,0.00418,0.0013772,0.00012081,2.42E-05,2.42E-05,2.42E-05,5.25E+05,6.69E+06,2.07E+07,3.89E+07,5.77E+07,6.83E+07,7.13E+07,5.14E+07,3.98E+09,3.796,5.0329,5.3858,5.3162,5.2014,5.2115,5.0068,5.3068,4.8254,75.18509,7.583383,5210,2.305276776,1.796830286,0.40684,1.1523298
60201,1.5767,1.4296,0.28228,0.50884,0.1907,0.0122,0.0042177,0.0015727,0.00019063,0,0,0,7.53E+05,8.97E+06,2.80E+07,5.37E+07,7.93E+07,9.58E+07,8.58E+07,8.09E+07,6.50E+09,4.0711,5.1899,5.5358,5.5071,5.3294,5.1836,5.2266,5.0828,4.9711,76.938976,7.567039,5231,2.3153394,1.816228142,0.417562,1.16209865
60202,1.6517,1.4453,0.28762,0.50732,0.18731,0.011606,0.0043849,0.0016443,9.53E-05,2.38E-05,0,0,8.67E+05,1.01E+07,2.98E+07,5.37E+07,8.03E+07,9.50E+07,8.83E+07,7.11E+07,6.70E+09,4.2183,5.2065,5.5565,5.3992,5.4029,5.3678,5.2427,5.0621,4.9709,76.490638,7.873264,5349,2.313822086,1.801821118,0.415803,1.15552866
60203,1.441,1.4196,0.28552,0.51195,0.18531,0.010802,0.0044788,0.0017484,0.00019161,0,0,0,9.18E+05,1.04E+07,3.01E+07,5.45E+07,7.62E+07,9.36E+07,9.48E+07,6.22E+07,6.12E+09,3.7677,5.2356,5.3807,5.3607,5.3308,5.5211,5.1795,5.0503,4.9502,76.112571,7.889766,5415,2.310918425,1.805373385,0.410256,1.1539104
60204,1.3528,1.417,0.28169,0.50498,0.19529,0.012248,0.0038139,0.0018336,9.78E-05,4.89E-05,0,0,5.64E+05,7.13E+06,2.22E+07,4.26E+07,6.29E+07,7.98E+07,8.14E+07,6.78E+07,5.37E+09,4.2203,5.1579,5.4084,5.5703,5.3885,5.2579,5.2344,4.7214,5.1682,76.325317,7.392228,5026,2.309092426,1.799075202,0.411639,1.1548661
60205,1.3654,1.4609,0.2823,0.50981,0.18963,0.012068,0.0044863,0.0015594,0.00011996,2.40E-05,0,0,5.23E+05,6.97E+06,2.27E+07,4.20E+07,6.36E+07,7.83E+07,8.10E+07,5.12E+07,5.41E+09,4.1305,5.1425,5.3731,5.4104,5.4538,5.2472,5.2959,5.111,4.2165,76.834903,7.519635,5408,2.312435654,1.800059949,0.414311,1.15696084
60206,1.3577,1.466,0.28081,0.51106,0.19095,0.010806,0.004693,0.0014921,0.0001444,4.81E-05,0,0,6.89E+05,8.10E+06,2.39E+07,4.50E+07,6.18E+07,7.25E+07,7.29E+07,6.09E+07,4.72E+09,3.6258,5.201,5.2743,5.4783,5.409,5.1806,5.153,4.6172,4.9644,75.865383,7.747529,5154,2.309303982,1.801346824,0.406261,1.14741194
60207,1.308,1.3309,0.27654,0.51511,0.19032,0.01196,0.0042027,0.0017051,0.00016811,0,0,0,7.17E+05,8.82E+06,2.68E+07,5.06E+07,7.70E+07,9.07E+07,8.01E+07,7.02E+07,7.50E+09,4.1706,5.2155,5.5303,5.3996,5.1078,5.2986,5.2368,4.798,4.2768,76.090217,7.597611,5405,2.311258214,1.804534974,0.407224,1.14595878
60208,1.3879,1.4147,0.28275,0.51143,0.18748,0.012133,0.0042621,0.0017194,0.00021795,0,0,0,7.41E+05,9.34E+06,2.91E+07,5.42E+07,8.12E+07,9.93E+07,8.90E+07,7.87E+07,8.35E+09,4.1022,5.1537,5.3516,5.3867,5.5698,5.1917,5.2609,5.1969,4.7083,76.463731,7.514309,5344,2.311317568,1.803265911,0.419951,1.14928448
60209,1.382,1.4317,0.28218,0.51031,0.19011,0.010763,0.0047701,0.0017259,0.00014382,0,0,0,8.72E+05,1.03E+07,3.05E+07,5.46E+07,7.81E+07,9.80E+07,9.33E+07,5.76E+07,7.27E+09,4.082,5.1916,5.3564,5.3234,5.3084,5.4444,5.2096,5.3401,4.7505,76.372156,7.748832,5248,2.311749114,1.807131998,0.421395,1.14895844
60301,1.342,1.3728,0.28458,0.5038,0.19393,0.011437,0.004289,0.0018174,0.00014539,0,0,0,4.61E+05,6.62E+06,2.44E+07,5.17E+07,7.77E+07,9.41E+07,8.65E+07,6.41E+07,8.94E+09,4.2745,4.894,5.3451,5.1581,5.217,5.0876,5.0119,5.052,4.7588,77.319515,6.919788,5227,2.312144303,1.798091937,0.422041,1.14432287
60302,1.6957,1.5677,0.28408,0.50369,0.19328,0.012691,0.0046105,0.0014802,0.0001456,2.43E-05,0,0,6.78E+05,8.78E+06,2.95E+07,5.85E+07,8.70E+07,1.11E+08,1.04E+08,8.32E+07,8.23E+09,4.1065,5.3957,5.4314,5.4607,5.5592,5.4099,5.1909,5.078,4.7663,76.778328,7.039181,5161,2.309810841,1.795587317,0.430132,1.15036952
60303,1.6798,1.6253,0.28851,0.50531,0.18756,0.012117,0.0050105,0.001349,0.00012044,0,2.41E-05,0,6.59E+05,8.43E+06,2.72E+07,5.30E+07,7.64E+07,9.84E+07,9.05E+07,6.98E+07,5.60E+09,3.8308,5.2483,5.4054,5.3843,5.225,5.2576,5.2458,5.2318,4.9674,76.8654,7.39926,5247,2.309855721,1.787313613,0.41873,1.16117632
60304,1.4892,1.4417,0.28757,0.50202,0.19236,0.011726,0.0044335,0.0016959,0.00016959,2.42E-05,0,0,6.67E+05,8.53E+06,2.80E+07,5.48E+07,8.16E+07,9.22E+07,9.05E+07,7.07E+07,7.85E+09,4.0391,5.4032,5.3947,5.3799,5.4685,5.4114,5.168,4.8749,4.4592,77.218073,7.382467,5241,2.310130367,1.799033091,0.433941,1.15639138
60305,1.63,1.4743,0.28545,0.50317,0.19273,0.012382,0.0042335,0.0018353,0.0001713,0,2.45E-05,0,7.19E+05,8.49E+06,2.59E+07,4.96E+07,7.05E+07,9.10E+07,8.93E+07,6.32E+07,5.40E+09,4.0968,5.1902,5.5271,5.4909,5.491,5.3242,5.1534,5.0577,4.1962,77.430491,7.38142,5073,2.311416472,1.789117261,0.423567,1.14705002
60306,1.7048,1.5483,0.28629,0.50329,0.19175,0.012243,0.0046866,0.0016499,9.56E-05,0,0,0,7.39E+05,9.32E+06,2.94E+07,5.65E+07,7.92E+07,1.00E+08,9.32E+07,6.62E+07,6.83E+09,4.0745,5.4047,5.5994,5.4711,5.4113,5.3586,5.1528,5.0109,4.6266,76.560335,7.614659,5485,2.317854773,1.811278942,0.427145,1.15138698
60307,1.9162,1.5337,0.28378,0.50601,0.19141,0.012651,0.0048564,0.0010441,0.00016997,2.43E-05,4.86E-05,0,6.43E+05,8.73E+06,3.09E+07,6.02E+07,8.68E+07,9.72E+07,9.26E+07,7.88E+07,8.84E+09,4.1585,5.1348,5.5056,5.4919,5.3612,5.3571,5.1708,4.8862,4.5432,76.232974,7.152128,5209,2.308069085,1.803422157,0.436915,1.15565467
60308,1.7986,1.5558,0.28369,0.50151,0.19691,0.012301,0.0037449,0.001488,0.0002728,4.96E-05,2.48E-05,0,5.10E+05,6.95E+06,2.43E+07,4.91E+07,7.20E+07,8.90E+07,8.76E+07,7.52E+07,6.28E+09,4.2762,5.3195,5.3903,5.48,5.2634,5.2556,5.2596,4.8643,4.3494,76.162169,6.830447,4850,2.304389054,1.785059926,0.423965,1.15427363
60309,1.7502,1.6073,0.27888,0.50798,0.19557,0.011746,0.0040393,0.0015612,0.00014868,7.43E-05,0,0,6.69E+05,8.24E+06,2.64E+07,4.94E+07,7.38E+07,8.93E+07,9.78E+07,8.29E+07,5.62E+09,3.8236,5.1636,5.3925,5.4038,5.249,5.3019,5.2681,4.9589,4.7831,76.190778,7.073959,4812,2.300539411,1.780939262,0.425133,1.15205514
60401,1.5353,1.5295,0.279,0.50439,0.19865,0.011837,0.0043178,0.0015634,0.00017371,4.96E-05,2.48E-05,0,6.43E+05,8.09E+06,2.61E+07,5.11E+07,7.45E+07,9.40E+07,9.47E+07,8.28E+07,5.82E+09,3.6532,5.0851,5.1803,5.0052,5.2485,5.3062,5.0522,5.1163,4.6281,76.787338,6.968884,4774,2.302054708,1.768806945,0.420332,1.14941239
60402,1.5,1.5505,0.28598,0.49975,0.19542,0.012261,0.0045131,0.0018554,0.00022565,0,0,0,5.87E+05,7.80E+06,2.58E+07,5.13E+07,7.86E+07,9.72E+07,9.30E+07,7.80E+07,7.39E+09,4.069,5.2956,5.4512,5.4856,5.4595,5.3578,5.2737,4.6121,4.2436,77.583546,6.839786,4890,2.304125457,1.76736683,0.425199,1.14564514
60403,1.5808,1.5273,0.28252,0.50184,0.19696,0.012654,0.0043422,0.0014143,0.00022331,2.48E-05,2.48E-05,0,5.61E+05,7.91E+06,2.90E+07,6.14E+07,9.49E+07,1.11E+08,1.11E+08,9.78E+07,9.08E+09,4.222,5.3677,5.5384,5.1325,5.1372,5.3529,5.2303,5.1281,4.8373,77.908182,6.622222,4871,2.301668046,1.765885553,0.429773,1.14586663
60404,1.6968,1.5634,0.27755,0.50779,0.1968,0.011154,0.004741,0.0017467,0.00022457,0,0,0,4.50E+05,6.88E+06,2.56E+07,5.13E+07,7.87E+07,1.05E+08,1.07E+08,7.60E+07,7.59E+09,4.0229,5.2743,5.5973,5.4753,5.4837,5.2223,5.1071,4.9305,4.7609,77.588816,6.496402,4773,2.301600164,1.764555742,0.425177,1.14989614
60405,1.6118,1.4568,0.28861,0.497,0.19537,0.012468,0.0044386,0.0019699,0.00012468,0,2.49E-05,0,4.06E+05,6.35E+06,2.54E+07,5.40E+07,8.37E+07,1.13E+08,1.04E+08,8.43E+07,7.64E+09,3.9574,5.0328,5.3303,5.5303,4.9849,5.2287,5.2022,5.096,4.7528,78.648627,6.277227,4880,2.307051518,1.768811581,0.419978,1.14522159
60406,1.729,1.6207,0.27965,0.50176,0.19856,0.013265,0.0048126,0.0019055,4.89E-05,0,0,0,4.80E+05,7.27E+06,2.92E+07,6.43E+07,9.79E+07,1.23E+08,1.17E+08,1.12E+08,9.20E+09,3.7065,5.3495,5.4273,5.4591,5.2924,5.2599,4.9578,4.8114,4.3469,77.592958,6.455988,4976,2.307916266,1.78382923,0.42295,1.14823985
60407,1.8155,1.5554,0.27795,0.50757,0.19606,0.012513,0.0043407,0.0013095,0.00024249,2.42E-05,0,0,5.40E+05,8.28E+06,3.24E+07,6.73E+07,9.56E+07,1.14E+08,1.07E+08,8.72E+07,9.98E+09,4.2427,5.2842,5.4108,5.324,5.4134,5.2174,5.139,5.2104,4.7302,76.421807,6.746105,4878,2.302389848,1.802358856,0.428121,1.1508286
60408,1.617,1.4712,0.2808,0.50472,0.19607,0.012027,0.0046332,0.001454,0.00024645,4.93E-05,0,0,5.01E+05,7.27E+06,2.61E+07,5.47E+07,8.20E+07,1.06E+08,9.26E+07,8.47E+07,8.70E+09,4.101,5.2701,5.5188,5.3028,5.3124,5.197,5.196,5.0958,4.571,77.7665,6.7645,4799,2.309211935,1.778660195,0.421296,1.14069259
60409,1.6923,1.5253,0.28295,0.50248,0.19571,0.012376,0.0046317,0.0016664,0.00014704,2.45E-05,2.45E-05,0,5.48E+05,8.31E+06,3.23E+07,6.77E+07,1.04E+08,1.20E+08,1.28E+08,1.15E+08,1.04E+10,4.0034,5.1145,5.3669,5.3615,5.302,5.0794,5.1366,4.8656,4.5862,78.0095,6.6425,5041,2.306607483,1.792342146,0.429005,1.13927174
70100,1.024,0.97467,0.2775,0.5208,0.18449,0.012295,0.0038449,0.00089415,0.00017883,0,0,0,5.01E+06,5.34E+07,1.63E+08,2.56E+08,3.11E+08,3.15E+08,2.77E+08,2.16E+08,1.17E+10,3.9692,5.4307,5.7067,5.6761,5.6662,5.6187,5.5464,5.4518,5.4829,74.058791,8.986117,7325,2.313102335,1.878659021,0.392634,1.15952587
70101,1.0224,0.9602,0.28758,0.51301,0.1805,0.013947,0.0039757,0.00094557,4.30E-05,0,0,0,1.09E+06,1.91E+07,1.10E+08,2.50E+08,3.29E+08,2.99E+08,2.38E+08,1.94E+08,1.66E+10,4.0026,5.5132,5.7563,5.6289,5.715,5.5249,5.5314,5.2815,5.5087,77.1859,7.473598,7233,2.304550085,1.865835489,0.389718,1.15537679
70102,0.94382,0.8907,0.28788,0.5229,0.17173,0.012578,0.0042757,0.00058117,4.15E-05,0,0,0,3.15E+06,4.25E+07,1.75E+08,3.24E+08,3.75E+08,3.16E+08,2.62E+08,1.96E+08,1.74E+10,4.1039,5.5802,5.8787,5.8208,5.8137,5.7307,5.5226,5.4575,5.4801,74.339284,9.420634,8171,2.299692971,1.889004216,0.38981,1.16001534
70103,0.9044,0.8576,0.27831,0.52193,0.18377,0.011694,0.0032206,0.00097266,0.00010807,0,0,0,1.82E+06,2.99E+07,1.35E+08,2.63E+08,3.15E+08,2.80E+08,2.49E+08,1.87E+08,1.72E+10,4.4565,5.4593,5.7531,5.8807,5.5763,5.6067,5.5441,5.3169,5.5764,74.74964,8.552859,7720,2.292997666,1.884982462,0.393078,1.15782654
70104,0.98687,0.9733,0.28081,0.52502,0.17672,0.013218,0.0034299,0.00073199,6.27E-05,0,0,0,3.41E+06,4.49E+07,1.75E+08,3.08E+08,3.37E+08,2.88E+08,2.27E+08,1.98E+08,1.72E+10,4.429,5.7286,5.9863,5.8307,5.7686,5.5328,5.5884,5.5495,5.5843,73.348607,9.889083,8540,2.29927857,1.90086494,0.391344,1.15468991
70105,0.88683,0.8429,0.28436,0.51123,0.18704,0.013017,0.0034186,0.00081082,0.00013148,0,0,0,9.21E+05,1.66E+07,8.88E+07,1.94E+08,2.36E+08,2.21E+08,1.84E+08,1.65E+08,1.52E+10,3.9764,5.1809,5.5265,5.685,5.5702,5.5444,5.3412,5.477,5.1806,76.21672,7.400607,7027,2.312788353,1.87813099,0.384727,1.15233481
70106,0.95172,0.8775,0.27945,0.51846,0.1845,0.012954,0.0035527,0.0010182,6.50E-05,0,0,0,1.37E+06,2.07E+07,9.22E+07,1.89E+08,2.33E+08,2.12E+08,1.73E+08,1.45E+08,1.34E+10,3.9122,5.0416,5.6239,5.626,5.6225,5.4609,5.4011,5.0891,5.3959,75.724337,8.051896,7401,2.329723318,1.899564802,0.37869,1.14699602
70107,0.9268,0.79301,0.27663,0.52279,0.18555,0.011003,0.0030972,0.00075807,0.00017327,0,0,0,1.89E+06,2.79E+07,1.17E+08,2.22E+08,2.52E+08,2.09E+08,1.84E+08,1.80E+08,1.64E+10,4.138,5.3937,5.7558,5.728,5.6286,5.5766,5.6212,5.2926,5.5344,73.252218,8.540307,7812,2.299183837,1.895975579,0.385673,1.15402484
70108,0.94911,0.8622,0.27915,0.53066,0.17437,0.01223,0.0029484,0.00047756,0.00016611,0,0,0,2.35E+06,3.28E+07,1.35E+08,2.34E+08,2.61E+08,2.25E+08,1.81E+08,1.80E+08,1.85E+10,4.1069,5.4556,5.7829,5.9111,5.7107,5.716,5.5573,5.6809,5.4598,72.403134,9.318539,8161,2.27886123,1.880999549,0.386272,1.16266108
70109,0.94804,0.8773,0.28143,0.53062,0.17158,0.011914,0.00352,0.00087478,6.25E-05,0,0,0,4.00E+06,4.83E+07,1.66E+08,2.73E+08,3.00E+08,2.50E+08,1.97E+08,1.62E+08,1.68E+10,4.1648,5.6265,5.976,5.8581,5.5889,5.5208,5.6644,5.5481,5.5807,72.583411,10.220859,8566,2.302300403,1.911599176,0.385809,1.15965843
70110,0.67717,0.76713,0.27812,0.51631,0.18837,0.012346,0.0033418,0.0012996,0.00020887,0,0,0,7.66E+06,7.57E+07,2.25E+08,3.41E+08,4.02E+08,3.62E+08,3.36E+08,3.21E+08,7.86E+09,4.3494,5.5786,5.6463,5.6581,5.5855,5.4842,5.5372,5.4622,5.5782,74.168673,9.001481,7334,2.313832881,1.851523697,0.390084,1.15925992
70111,1.007849667,1.1853,0.28605,0.48734,0.20676,0.013876,0.0042092,0.0016396,0.00012236,0,0,0,6.88E+05,1.20E+07,8.78E+07,2.59E+08,3.78E+08,4.23E+08,4.02E+08,2.96E+08,5.76E+09,3.6299,5.2344,5.4127,5.4742,5.3982,5.3412,5.3285,5.4,5.1315,80.702074,5.219873,5233,2.320748108,1.795552363,0.395669,1.14236033
70112,1.182449667,1.205,0.28426,0.49688,0.19938,0.014098,0.0035368,0.0016098,0.00024391,0,0,0,2.37E+06,3.61E+07,1.80E+08,3.71E+08,5.16E+08,5.60E+08,4.44E+08,3.91E+08,1.02E+10,4.3229,5.5489,5.8204,5.6788,5.662,5.155,5.5642,5.41,5.5367,78.825274,6.473338,6081,2.30711918,1.799999221,0.395159,1.14042735
70113,0.96837,0.9181,0.27529,0.51338,0.19326,0.01423,0.0027556,0.00092607,6.78E-05,9.03E-05,0,0,1.14E+06,1.90E+07,1.12E+08,2.55E+08,3.26E+08,3.07E+08,2.57E+08,2.35E+08,1.74E+10,4.0455,5.2527,5.5654,5.6287,5.6555,5.6774,5.4391,5.4567,5.5475,76.091464,7.009209,6929,2.282705279,1.846832174,0.390908,1.13790226
70114,1.0412,0.9603,0.2855,0.50853,0.18631,0.014715,0.0038867,0.00092112,0.00011233,2.25E-05,0,0,9.44E+05,1.52E+07,8.95E+07,2.12E+08,2.97E+08,2.93E+08,2.23E+08,2.25E+08,1.33E+10,3.8521,5.2009,5.4999,5.5344,5.3417,5.3581,5.4102,5.4732,5.2916,77.174763,6.866481,6391,2.314256268,1.865191898,0.38072,1.1546284
70115,0.87693,0.8337,0.27832,0.52156,0.18367,0.012123,0.0032646,0.00095763,8.71E-05,2.18E-05,0,0,2.60E+06,3.65E+07,1.59E+08,3.06E+08,3.51E+08,3.14E+08,2.44E+08,2.34E+08,1.80E+10,4.0807,5.5342,5.8714,5.8048,5.72,5.6094,5.5469,5.2085,5.5314,74.031849,8.606723,7716,2.2843371,1.866091269,0.39152,1.15497351
70116,0.97582,0.9449,0.2817,0.514,0.187,0.013161,0.0031769,0.00082123,0.00010806,2.16E-05,0,0,9.61E+05,1.66E+07,9.16E+07,2.00E+08,2.48E+08,2.03E+08,1.67E+08,1.57E+08,1.60E+10,3.5861,5.1346,5.6755,5.7222,5.5719,5.7577,5.6074,5.466,5.6223,75.284526,7.617473,7319,2.307659307,1.888306252,0.381036,1.15166318
70117,1.0515,0.81687,0.28047,0.52352,0.17876,0.01334,0.0030356,0.00070546,0.00010689,6.41E-05,0,0,1.85E+06,2.87E+07,1.29E+08,2.43E+08,2.74E+08,2.35E+08,1.83E+08,1.79E+08,1.64E+10,4.2602,5.3007,5.7771,5.7692,5.7518,5.582,5.5559,5.6227,5.5673,73.307502,8.719399,7742,2.299531634,1.88897494,0.383273,1.15354836
70118,0.87604,0.8281,0.28141,0.51231,0.18829,0.013128,0.0038755,0.00082887,8.96E-05,6.72E-05,0,0,1.57E+06,2.27E+07,9.09E+07,1.71E+08,2.06E+08,2.05E+08,1.53E+08,1.43E+08,1.23E+10,3.9588,5.1733,5.6199,5.7468,5.5985,5.4828,5.5198,5.3149,5.3484,76.565289,7.826332,7299,2.324351891,1.866803652,0.374661,1.15062594
70119,0.89491,0.76899,0.27977,0.52326,0.18091,0.012107,0.0030478,0.00079874,8.41E-05,2.10E-05,0,0,2.84E+06,3.76E+07,1.41E+08,2.50E+08,2.74E+08,2.26E+08,1.78E+08,1.62E+08,1.56E+10,3.388,5.519,5.8141,5.7632,5.7385,5.5451,5.5812,5.2798,5.5585,72.96209,9.418389,8177,2.312180075,1.911166812,0.38626,1.15716279
70120,0.76296,0.88684,0.27735,0.51253,0.19282,0.01235,0.0033158,0.0012975,0.0002643,7.21E-05,0,0,6.18E+06,6.38E+07,1.93E+08,2.93E+08,3.72E+08,3.57E+08,3.54E+08,3.32E+08,9.64E+09,3.9984,5.4873,5.6947,5.6166,5.5358,5.6449,5.4237,5.3926,5.546,75.076705,8.232723,6793,2.299124153,1.818207029,0.396956,1.15452898
70121,0.71761,0.79441,0.27493,0.5093,0.19758,0.01321,0.0031211,0.0015727,0.00024195,4.84E-05,0,0,1.27E+06,2.05E+07,8.77E+07,1.76E+08,2.63E+08,2.80E+08,3.11E+08,2.60E+08,6.24E+09,3.6273,4.889,5.1332,5.331,5.2544,5.3815,5.2649,4.8915,4.9754,76.997179,6.252496,5317,2.306484886,1.784371001,0.391508,1.14606047
70122,0.67774,0.76592,0.27702,0.50377,0.19983,0.013824,0.0038766,0.0014629,0.00019505,2.44E-05,0,0,2.25E+06,3.26E+07,1.18E+08,2.16E+08,2.82E+08,3.01E+08,3.05E+08,2.42E+08,1.01E+10,3.9785,5.054,5.4857,5.5119,5.4448,5.4573,5.434,5.2415,5.416,75.95723,6.968915,5843,2.297867851,1.802248556,0.393881,1.15084004
70123,0.71674,0.82122,0.26939,0.52057,0.19296,0.012325,0.0032597,0.0012134,0.00021414,7.14E-05,0,0,3.03E+06,3.97E+07,1.41E+08,2.60E+08,3.47E+08,3.80E+08,3.25E+08,2.60E+08,1.31E+10,4.0937,5.5078,5.6979,5.6957,5.5897,5.6621,5.5187,5.3509,5.4438,76.752434,7.435773,6016,2.294997629,1.803414638,0.387794,1.15611959
70124,0.71761,0.79441,0.28327,0.51756,0.18191,0.011808,0.0041717,0.001117,9.12E-05,6.84E-05,0,0,2.56E+06,3.73E+07,1.31E+08,2.40E+08,3.31E+08,3.53E+08,2.96E+08,2.81E+08,1.12E+10,4.0993,5.2627,5.5507,5.6201,5.54,5.5223,5.3545,5.3435,5.3703,77.08902,6.952708,6000,2.301901832,1.805182586,0.391367,1.14457953
70125,1.077549667,1.1786,0.27987,0.494,0.20657,0.013841,0.0039942,0.001457,0.00022609,5.02E-05,0,0,8.35E+05,1.44E+07,1.02E+08,2.83E+08,4.36E+08,4.51E+08,4.02E+08,3.60E+08,9.27E+09,3.9617,5.3648,5.5137,5.6804,5.5707,5.573,5.3614,5.2078,5.4355,79.545267,5.286404,5394,2.309421426,1.790138119,0.395554,1.14896321
70126,1.195049667,1.2872,0.27592,0.50446,0.20265,0.011489,0.0037237,0.0014699,0.00024498,4.90E-05,0,0,8.65E+05,1.51E+07,9.54E+07,2.35E+08,3.38E+08,3.60E+08,3.23E+08,2.93E+08,5.90E+09,3.5258,5.1401,5.4429,5.5637,5.4687,5.4332,5.3731,5.3588,5.2959,79.057082,5.769471,5630,2.321096162,1.800071917,0.392667,1.14725912
70127,1.250049667,1.2995,0.28089,0.49628,0.20301,0.014114,0.0041656,0.0013232,0.00019603,2.45E-05,0,0,1.19E+06,2.02E+07,1.18E+08,2.81E+08,3.88E+08,4.36E+08,4.02E+08,3.73E+08,6.47E+09,3.5743,5.3811,5.4161,5.4666,5.4977,5.4459,5.2635,5.2133,5.2251,80.139699,5.604929,5634,2.310757049,1.780953917,0.390067,1.14697456
70128,1.135249667,1.2273,0.27519,0.50067,0.20593,0.012696,0.0039215,0.001397,0.00012255,7.35E-05,0,0,2.56E+06,4.05E+07,1.86E+08,3.69E+08,5.39E+08,5.32E+08,4.87E+08,4.27E+08,1.07E+10,4.2523,5.5098,5.7317,5.7575,5.6614,5.5309,5.4697,5.3425,5.5119,78.927253,6.519583,6229,2.304498585,1.78841141,0.394766,1.1415782
70129,0.889749667,0.8047,0.28607,0.49677,0.19749,0.014372,0.0036226,0.001539,9.47E-05,4.74E-05,0,0,1.84E+06,3.11E+07,1.43E+08,2.88E+08,4.13E+08,4.45E+08,3.73E+08,3.91E+08,8.94E+09,4.2789,5.2384,5.5633,5.6077,5.3765,5.4761,5.3397,5.3115,5.2613,79.071511,6.089362,5826,2.306590163,1.782686243,0.394467,1.15241337
70130,1.038949667,1.2327,0.2789,0.50892,0.1943,0.012863,0.0037192,0.00097126,0.00023689,9.48E-05,0,0,2.01E+06,2.68E+07,1.00E+08,1.98E+08,3.08E+08,3.71E+08,3.89E+08,3.12E+08,6.71E+09,4.0342,5.1303,5.2839,5.5435,5.2403,5.3263,5.3465,5.1225,5.5524,76.452192,7.907429,6884,2.315628457,1.838055151,0.382998,1.15262043
70131,1.074849667,1.2176,0.27098,0.49281,0.21666,0.014002,0.0038984,0.0014586,0.00015912,2.65E-05,0,0,4.00E+06,4.73E+07,1.57E+08,2.71E+08,3.51E+08,3.77E+08,4.53E+08,4.03E+08,8.94E+09,3.8095,5.3168,5.5819,5.5286,5.6006,5.6375,5.2955,5.4396,5.6009,78.560328,5.869048,4757,2.286632107,1.740126742,0.377714,1.14461052
70132,0.740049667,0.8228,0.27873,0.50245,0.19916,0.013993,0.0040403,0.0012811,0.000271,4.93E-05,2.46E-05,0,2.35E+06,3.16E+07,1.16E+08,2.18E+08,3.01E+08,3.37E+08,3.26E+08,3.14E+08,6.65E+09,3.7386,5.2014,5.4253,5.4738,5.3784,5.568,5.3337,5.2165,5.4117,78.001598,7.114615,5958,2.300608963,1.777302283,0.385833,1.14627278
70133,1.074849667,1.2987,0.27302,0.50178,0.20633,0.012935,0.004176,0.0014514,0.00022917,2.55E-05,5.09E-05,0,6.36E+06,6.75E+07,2.04E+08,3.28E+08,4.09E+08,4.41E+08,3.67E+08,3.98E+08,8.57E+09,4.091,5.5728,5.7303,5.5359,5.5933,5.5079,5.5934,5.1915,5.5891,77.331388,7.133848,5989,2.295105652,1.769987279,0.382601,1.1477741
70134,0.963949667,1.1847,0.26614,0.50124,0.21283,0.01462,0.003346,0.0014928,0.00025739,5.15E-05,2.57E-05,0,8.59E+06,7.98E+07,2.33E+08,3.90E+08,4.70E+08,4.65E+08,4.18E+08,3.86E+08,1.08E+10,4.451,5.6371,5.8114,5.7712,5.6699,5.6862,5.5218,5.2994,5.6823,78.15,6.4115,5572,2.297542381,1.765546414,0.380759,1.13823342
